Protein IDs,Gene Names,CN (TP3) Rep2TP3
P33937,b2206;JW2194;napA;yojC;yojD;yojE,5.135080247
P0AD65,b0635;JW0630;mrdA;pbpA,2.304723629
Q7DFV3,b1172;JW5178;ymgG,67.4193757
B1XA69;C4ZTM3;P77335,ECDH10B_1235;hlyE;b1182;clyA;hpr;JW5181;sheA;ycgD,2.555393371
P15373,b3129;JW3098;prlF;sohA,8.009775233
P02788ups,,12.16418228
P17411,b1734;celF;chbF;JW1723;ydjD,8.216324486
P45537,b3358;JW5701;yhfK,4.986595736
P02924,araF;b1901;JW1889,6.235586869
P37326,b2349;intC;intS;JW2345;yfdB,18.20160824
P25718,b3571;JW3543;malS,15.91932614
P37387,b3566;JW3538;xylF;xylT,10.10043278
P27126,b3629;JW3604;rfaS,26.69888764
P25527,b2663;gabP;JW2638,23.21936067
P0A9P9,b4266;idnO;JW4223;yjgU,21.7258004
P68187,b4035;JW3995;malK,28.50619361
P63883,amiC;b2817;JW5449;ygdN,18.95329065
P0C066,b2963;JW5481;mltC;yggZ,9.266827887
P15005;P15005-2,b4346;JW5871;mcrB;rglB,32.60667562
P00805,ansB;b2957;JW2924,13.61307736
P14294,b1763;JW1752;topB,27.70222025
P37652,b3532;bcsB;JW3500;yhjN,17.13073316
P0AB85,apbE;b2214;JW5368;yojK;yojL,11.87658206
P31600,b0568;JW0557;nfrA,7.272254956
P76142,b1516;JW1509;lsrB;yneA,41.68133426
P0AFV8,b1307;JW1300;pspD,18.41730841
P0CG19,b3643;JW3618;rph,20.08408245
P0ACG8,b3400;hslR;JW3363;yrfH,12.54329167
P10443,b0184;dnaE;JW0179;polC,28.78289989
P75822,b0869;JW5116;ybjT,23.46883208
P0ACI3,b3569;JW3541;xylR,34.9554108
P31550,b0068;JW0067;tbpA;thiB;yabL,73.25744241
P77245,b2427;JW2420;murR;yfeT,28.51381937
P31826,b1496;JW5242;yddA,18.62211463
P27129,b3626;JW3601;rfaJ;waaJ,36.67338639
P25741,b3630;JW3605;rfaP;waaP,23.91112636
P36566,b0921;JW0904;smtA;ycbD,13.11849213
P19925,b0583;entD;JW5085,43.9352921
P23842,b2395;JW5391;yfeA,15.43018788
P69902,b2374;frc;JW2371;yfdW,13.1239391
P21893,b2892;JW2860;recJ,25.0135939
P13458,b0397;JW0387;rmuA;sbcC,37.59828257
P13035,b3426;glpD;glyD;JW3389,30.47364061
P37661,b3546;eptB;JW5660;yhjW,30.28408592
P77302,b1341;JW5206;ydaM,69.21578772
P03007,b0215;dnaQ;JW0205;mutD,25.27613804
P0AA82,b0336;codB;JW0327,74.54074948
P08394,b2820;JW2788;recB;rorA,7.594715816
P30855,b2370;evgS;JW2367,30.39956176
P39396,b4354;JW5791;yjiY,17.08497858
P17888,b3935;JW3906;priA,13.60763039
P76273,b1835;JW5301;rsmF;yebU,26.15854783
P24230,b3652;JW3627;radC;recG,25.98969163
Q46877,b2710;flrD;JW2680;norV;ygaI;ygaJ;ygaK,4.153426597
P0A932,b0983;gfcE;JW0966;yccZ,36.08184502
P0ACU2,b1013;JW0998;rutR;ycdC,80.30364794
P0AC75,b3633;JW3608;kdtA;waaA,69.8476367
P39358,b4297;JW4259;yjhG,16.09036113
P0AA84,b0789;JW0772;ybhO,18.71362379
P31467,b3715;JW3693;yieH,86.27462082
P77611,b1629;JW1621;rnfC;ydgN,40.13548305
P0AB83,b1633;JW1625;nth,77.3187062
P42904,agaV;b3133;JW3102;yhaY,24.070178
P27241,b3624;JW3599;rfaZ,27.9429765
P52106,b1040;csgD;JW1023,22.33477209
P75800,b0833;JW0817;yliE,25.8491597
P71298,b0281;intF;JW0275;yagO,48.59463364
P76520,b2375;JW2372;yfdX,24.75322854
P36667,b2031;b4571;JW2016;wbbL,22.87184373
P75804,b0837;JW0821;yliI,49.67204509
P00914,b0708;JW0698;phr;phrB,26.65422246
P00634,b0383;JW0374;phoA,29.31779273
P45468,b3151;JW3120;yraQ,74.86321033
P25888,b0797;JW0781;rhlE,58.47108685
P0AFP9,b0792;JW5803;ybhR,30.92029248
P0AC47,b4153;frdB;JW4114,65.44648172
P0A8V0,b2268;elaC;JW2263;rnz,29.31888213
P76245,b1794;JW5292;yeaP,40.53311215
P30847,b2078;baeS;JW2063,31.2917761
P36771,b2289;genR;JW2284;lrhA,60.41892474
P55135,b2785;JW2756;rumA;ygcA,49.9825226
P19934,b0739;cim;excC;JW0729;lky;tolA,42.78053361
P0CF66;P0CF67;P0CF68;P0CF69;P0CF70,b0298;insE1;JW5036;b0373;insE2;JW5050;b0540;insE3;JW5074;b1027;insE4;JW5144;b2088;insE5;JW5341,41.57457357
P38051,b2265;JW2260;menF;yfbA,22.62999808
P38506,b2798;exo;JW5446;xni;ygdG,25.90145065
P52645,b1381;JW1376;ydbH,34.24948297
P24173,b3621;JW3596;rfa-2;rfaC;waaC;yibC,35.68203713
P31135,b0856;JW0840;potH,73.3217167
P31473,b3746;JW3725;ravA;yieN,59.31536782
P08956,b4350;hsdR;hsr;JW4313,72.2758977
P0A830,b3528;dctA;JW3496,85.27673518
P64602,b3191;JW5535;mlaB;yrbB,51.31812062
P24188,b1055;JW1042;yceA,126.8164481
P33916,b2180;JW2168;yejF,37.52638251
P0AEI1,b0661;JW0658;miaB;yleA,264.2327076
P46883,b1386;JW1381;maoA;tynA,49.71017391
B1XA99;C4ZVV9;P76535,ECDH10B_2593;murQ;b2428;JW2421;yfeU,75.67916704
P0AGE4,b3089;JW3060;sstT;ygjU,13.11086636
P0AD70,ampH;b0376;JW5052;yaiH,33.55989606
P76419,b2100;JW2087;yegV,73.30646517
P06720,b4119;JW4080;mel-7;melA,58.98637059
P46122,b0412;JW5056;yajI,50.37579413
P52101,b2556;JW5407;yfhK,28.32644347
P10907,b3450;JW3415;ugpC,69.50992431
P77504,b0496;JW0485;ybbP,15.33541053
P26365,amiB;b4169;JW4127;yjeD,58.23250939
P65870,b2765;JW2735;queD;ygcM,51.53817837
P04983,b3749;JW3728;rbsA,71.22136353
P75783,b0808;JW5108;ybiO,31.82340076
P33913,b2177;JW2165;yejA,43.10844145
P06846,b3075;ebgR;JW3046,62.24039284
P04993,b2819;JW2787;recD,36.64724091
P13669,b0730;farR;g30;JW0719;mngR;ybgB,35.14060791
P00944,b3565;JW3537;xylA,45.02141871
P14375,b4004;hydG;JW3968;zraR,36.81173953
P36999,b1822;JW1811;rlmA;rrmA;yebH,117.9269866
P09155,b1804;JW1793;rnd,50.49671695
P27128,b3627;JW3602;rfaI;waaI,72.1495279
P56258,b4481;JW5596;rffT;wecF;yifM,29.54438685
P42596,b3084;JW5513;rlmG;ygjO,117.3060316
P0A7B8,b3932;hslV;htpO;JW3903;yiiC,45.37002504
P0ABS5,b3066;dnaG;dnaP;JW3038;parB,30.07056454
P76406,b2085;JW5837;yegR,54.61462927
P0AGG4,b2582;JW2566;trxC;yfiG,105.3564601
P0CK95,,84.03700391
P0A9H5,b1270;btuR;cobA;JW1262,67.84315027
P45524,b3353;JW3316;yheT,102.1438348
P76342,b1971;JW1954;yedY,49.76464365
P0A9G2,antO;b0020;JW0019;nhaR,58.99835393
P77615,b1320;JW1313;ycjW,67.70261835
P36673,b4241;JW4200;treR,42.09639368
P27127,b3628;JW3603;rfaB;waaB,81.71877178
Q47689,b0260;JW5027;mmuP;ykfD,75.77830196
P0A6L4,b3225;JW3194;nanA;npl,105.5166011
P75821,b0868;JW5819;ybjS,51.22661146
P0AFP4,b0493;JW0482;ybbO,27.35797149
P42632,b3114;JW5522;tdcE;yhaS,33.74400379
P0AFT5,b2125;JW5352;yehT,45.55631155
P39187,b4216;JW4175;ytfJ,142.1333389
P13024,b3891;fdhE;JW3862,217.1817464
P0ACS7,alsR;b4089;JW4050;rpiR;yjcY,50.05115448
P32166,b3930;JW3901;menA;yiiW,136.0327281
P0AC96,b4476;gntU;JW5686,10.9462389
P0A9F6,b2808;gcvA;JW2779,71.41418641
P31545,b1019;JW1004;ycdB,197.3220793
P76237,b1786;JW5291;yeaJ,37.73445692
P27862,b3848;JW5577;yigZ,60.11171541
P09394,b2239;glpQ;JW2233,51.24077359
P76561,b2473;JW5396;ypfH,102.4804578
P69451,b1805;fadD;JW1794;oldD,117.2624558
P23873,b1508;hipB;JW1501,56.65397633
P77562,b0378;JW0369;yaiW,55.14952212
P76503,b2342;fadI;JW2339;yfcY,53.62654819
P60716,b0628;JW0623;lip;lipA,215.6456997
P0A9U6,b1299;JW1292;puuR;ycjC,224.5678431
P28306,b1097;JW1083;yceG,81.61310049
P23331,b1238;JW1226;tdk,62.24039284
P64448,b1382;JW1377;ynbE,87.88147814
P0AD68,b0084;ftsI;JW0082;pbpB,184.8594028
P46474,b4472;JW5542;yhdP;yhdQ;yhdR,69.70928356
P45800,b3398;JW3361;yrfF,77.86122481
P0AAH4,b1291;JW1284;sapD,108.2836639
P31825,b2575;JW2559;yfiC,134.4857875
P0A7E3,b3642;JW3617;pyrE,130.193572
P0AG38,b3823;JW5586;rhtC;yigJ,50.1099818
P50456,b1594;JW1586;mlc,64.2372535
P0ADN6,b4558;JW3781;yifL,138.0045327
P0ACM5,b2101;JW2088;yegW,92.9558791
Q2EEQ2,b4506;JW5034;rpmJ2;ykgO,22.88382707
P76108,b1440;JW1435;ydcS,121.9795352
P0ADV9,b3199;JW3166;lptC;yrbK,116.80491
P67553,b1585;JW5258;ynfC,95.87545715
P0A853,b3708;ind;JW3686;tnaA,111.3688299
P23837,b1129;JW1115;phoQ,78.57368901
P0AEC5,b2786;barA;JW2757,71.17451956
P25742,b3632;JW3607;rfaQ;waaQ,121.0971254
P0A9G4,b0487;cueR;JW0476;ybbI,84.02502056
P75682,b0268;JW0261;yagE,183.0074317
P32125,b3856;JW5575;mobB;yihC,62.73497808
P21865,b0695;JW0683;kdpD,48.34951981
P76049,b1327;JW5804;ycjY,83.33216547
P0A9W0,b4191;JW4149;ulaR;yjfQ,54.12440162
P0ACP1,b0080;cra;fruC;fruR;JW0078;shl,136.9369258
P07649,asuC;b2318;hisT;JW2315;leuK;truA,74.98849074
Q46798,b2865;JW2833;ygeR,93.83066312
P09980,b3778;JW5604;rep,78.22181449
P43329,b1413;hrpA;JW5905,100.3016682
P76507,b2352;JW5382;yfdI,173.4970151
P27242,b3623;JW3598;rfaK;waaK;waaU,157.4938056
P0AF59,b4126;JW4087;yjdI,130.7055875
P76361,b2001;JW1983;yeeR,171.1548163
P76270,b1832;JW1821;yebR,17.17213016
P00811,ampA;ampC;b4150;JW4111,89.15062308
P46118,b1853;hexR;JW1842;yebK,202.6927956
P67762,b3154;JW3123;yhbP,43.67928432
P75831,b0879;JW0863;macB;ybjZ,90.31954369
P32131,b3867;hemN;JW3838;yihJ,152.3191803
P08660,apk;b4024;JW3984;lysC,171.3182255
P39385,b4336;JW4299;yjiN,57.66711349
P0A8N7,b4155;genX;JW4116;poxA;yjeA,41.22814603
P04949,b1923;flaF;fliC;hag;JW1908,409.3400943
P0AD40,b4546;JW5877;ypeB,119.9750488
P0AEB5,b1330;JW1323;ynaI,108.2651442
P40710,b0192;cutF;JW0188;nlpE,13.5640546
P37649,b3529;JW5943;yhjK,67.94991096
P39401,b4359;JW5794;mdoB;opgB;yjjO,170.9805131
P0AAD6,b2796;dcrA;JW2767;sdaC,212.1269545
P0C079,b1564;JW1556;relB,38.39027259
P39325,b4227;JW4186;ytfQ,142.3621119
P02918,b3396;JW3359;mrcA;ponA,171.2419679
P0A935,b2813;JW2784;mlt;mltA;ygdM,193.7597583
P0ACU0,b0796;JW0780;ybiH,112.7523613
P0AAC4,b0786;JW0769;ybhL,160.0538833
P77580,b0351;JW0342;mhpE;mhpF,78.88089834
P0AFI5,b2134;JW5355;pbpG;yohB,167.7341166
P76073;P76154,b1375;JW1369;ynaE;b1544;JW1537;ydfK,152.1121953
P75931,b1068;JW1055;mviM;yceM,34.17431473
P0AB58,b1280;JW1272;yciM,87.46532933
P75820,amiD;b0867;JW0851;ybjR,41.63557968
P0AAT4,b0577;JW0566;ybdG,30.10651456
Q46864,b3021;JW2989;ygiT,54.84993855
P28305,b1096;JW1082;pabC,97.44854323
P64493,b1793;JW1782;yoaF,146.512706
P0A823,b0146;JW0142;sfs1;sfsA,91.24335048
P0AEN4,b0083;ftsL;JW0081;mraR;yabD,121.7398684
P0AED9,b1961;dcm;JW1944;mec,115.127242
P16525,b1610;JW1602;tau;tus,136.2179252
P75829,b0877;JW0861;ybjX,225.853329
P0AF43,b4020;JW3980;yjbB,121.2496407
P0ACL9,aceC;b0113;genA;JW0109;pdhR;yacB,176.7325176
P29013,b1188;JW1177;ycgB,209.6758163
P41409,b0651;JW0646;rihA;ybeK,217.0183372
P0A6A0,aarF;b3835;JW3812;ubiB;yigQ;yigR;yigS,147.8526616
P39353,b4280;JW5769;yjhC,274.3422913
P76115,b1451;JW1446;yncD,135.6950157
P25536,b3248;JW3217;yhdE,163.6597801
P0AA91,b1806;JW1795;yeaY,167.7232227
P14376,b2218;JW5917/JW5920;rcsC,114.6914841
P67701,b3082;JW3053;ygjM,129.0061317
P60869,b0847;JW0831;ybjL,78.03988556
P37624,b3486;JW5676;yhiG;yhiH,126.6639329
P39408,b4378;JW4341;yjjV,106.0591197
P15078,b0598;cstA;JW0590;ybdC,185.6873429
P0AG24,b3650;JW3625;spoT,168.8126175
P0A978,b0990;cspG;cspI;JW0974,133.4290745
P27247,b1090;JW5156;plsX,98.31896967
P77338,aefA;b0465;JW0454;kefA;mscK,116.3255762
P77713,b0271;JW0264;yagH,64.3429248
P76121,b1462;JW1457;yddH,61.95170322
P0AAW1,b0790;JW0773;ybhP,91.42310062
P37327,b2347;JW2344;yfdC,112.6869976
P37631,b3492;JW3459;yhiN,180.8831118
P77179,b1632;JW1624;rnfE;ydgQ,78.70659517
P76235,b1784;JW1773;yeaH,149.9878754
P56614,b4518;JW5136;ymdF,79.11838641
Q47156,b0232;JW0222;yafN,142.6126727
P09148,b0758;galB;galT;JW0741,110.5408899
P31119,aas;b2836;JW2804,159.3893525
P37634,b3499;JW3466;yhiR,132.5139829
P07654,b3726;JW3704;phoT;pstA,117.414971
P0AA99,b0224;JW0214;yafK,133.1022561
P0AAN3,b2727;hypB;JW2697,169.6296636
P0AAQ6,b0456;JW0445;ybaA,148.9202685
P0AFU4,b2554;JW2538;yfhA,120.1275641
P60752,b0914;JW0897;msbA,141.7847326
P39830,b0478;JW0467;ybaL;ylaA,193.2913185
P23871,b0475;hemH;JW0464;popA;visA,117.6001682
P0AEY3,b2781;JW2752;mazG,113.9942714
P0AEI6,b1134;JW1120;nudJ;ymfB,93.75331609
P04982,b3748;JW5857;rbsD,164.8907962
P77674,b1444;JW1439;ydcW,208.8043004
P39346,b4267;idnD;JW4224;yjgV,35.19180947
P31131,b1537;JW1530;ydeJ,27.67389599
P76341,b1970;JW1953;yedX,188.2147388
P0A6F3,b3926;glpK;JW3897,110.1487078
P0A6W3,b0087;JW0085;mraY;murX,49.71562088
P0ACS2,b4063;JW4024;marC;soxR,97.90391026
P78067,b1757;JW5287;ynjE,124.3979917
P07102,appA;b0980;JW0963,117.1970921
P0AEL3,b3408;feoA;JW3371,200.8517184
Q47146,b0221;fadE;JW5020;yafH,355.4804157
P76445,b2174;JW2162;yeiU,250.5608029
P0ACK5,b0840;deoR;JW0824;nucR,139.2246548
P25552,b3779;gpp;gppA;JW5603,295.9232022
P52647,b1378;JW1372;ydbK,347.3208486
P06136,b0093;ftsQ;JW0091,121.4566257
P0A873,b2607;JW2588;trmD,141.1855655
P25535,b2906;JW2874;visC,149.4758599
P39265,alsB;b4088;JW4049;yjcX,199.2394141
P75791,b0821;JW0805;ybiU,198.0301859
P04994,b2509;JW2493;xseA,231.2458332
P00363,b4154;frdA;JW4115,220.3627792
B1XC21;C5A0V9;P32684,ECDH10B_4211;rluF;b4022;JW3982;yjbC,143.8654767
P0AAC8,b2528;iscA;JW2512;yfhF,545.6451711
P05719,b4348;hsdS;hss;JW4311,255.3105642
P0AA47,b2014;JW5330;yeeF,354.5544301
P16926,b3250;JW3219;mreC,167.9193138
B1XD43;C4ZRR6;P60472,ECDH10B_0154;ispU;b0174;JW0169;rth;uppS;yaeS,108.8141991
P37659,b3538;JW3506;yhjU,113.1990132
P31069,b1250;JW1242;kch,177.1682756
Q46925,b2810;csdA;JW2781;ygdJ,98.29718178
P37177,b2829;JW2797;ptsP;ygdF;ygdO,69.52735463
P0A6D0,argR;b3237;JW3206;xerA,72.3172947
Q46851,b3001;JW2970;yghZ,119.0817451
P12996,b0775;bioB;JW0758,417.782904
P0A8G0,b1913;JW1898;uvrC,238.6972936
P43671,b0951;JW0934;pqi5B;pqiB,129.7251322
P52095,b0186;JW0181;ldc;ldcC;ldcH,140.7607015
P37344,b1303;JW1296;pspF;ycjB,153.3649993
P13656,b3338;chiA;JW3300;yheB,172.5056658
P10442,b0183;JW0178;rnhB,848.2790453
P0A9S3,b2091;gatD;JW2075,324.7376945
P13445,appR;b2741;JW5437;katF;nur;otsX;rpoS;sigS,349.1619258
P46859,b3437;gntK;JW3400,74.19650072
P0AE70,b2782;chpA;chpAK;JW2753;mazF,143.2772035
P0AC38,aspA;b4139;JW4099,183.976993
P0AER3,b0654;gltJ;JW0649,174.5537281
P0ACY9,b1848;JW1837;yebG,204.1307967
Q2MB16,b4536;JW5298;yobH,310.194274
P25740,b3631;JW3606;pcsA;rfaG;waaG,87.63963249
P0AEF4,b0620;citB;criR;dpiA;JW0612;mpdA,97.75030559
P0AEF0,b4361;dnaC;dnaD;JW4325,46.97361418
P77754,b1743;JW1732;spy,206.9414353
P0A924,b1278;JW1270;pgpB,189.216982
P0AEV1,b1235;hnr;JW1223;ychL,157.0471537
P08191,b4320;fimH;JW4283,211.1356053
P19636,b2440;eutC;JW2433,66.06416857
P75767,b0780;JW0763;ybhK,98.40938944
P21177,b3846;fadB;JW3822;oldB,185.6982368
P39315,b4211;JW4169;qor2;qorB;ytfG,187.5284201
P0A9G8,b0761;JW0744;modE;modR,101.9194195
B1X7S7;C4ZW18;P37617,ECDH10B_3643;zntA;b3469;JW3434;yhhO,139.5187914
P0ADR6,b1976;b2806;JW2777;rlmM;ygdE,179.9680202
P25519,b4173;hflX;JW4131,135.847531
P19319,b1468;JW1463;narZ,154.269197
P11458,b0750;JW0733;nadA;nicA,624.8768546
P37690,b3613;JW5646;yibP,131.1740273
P33030,b2173;JW2161;yeiR,167.2112071
P31802,b2193;JW2181;narP,361.7444357
P08245,b1282;JW1274;yciH,330.1084109
P77737,b1247;JW1239;oppF,344.7716648
B1XGY9;C4ZSR8;P0C0R7,ECDH10B_3353;ftsJ;rlmE;rrmJ;b3179;JW3146;mrsF,214.7197142
P31680,b0055;djlA;JW0054;yabH,150.3909515
P06709,b3973;bioR;birA;dhbB;JW3941,256.9446564
P0AGK1,b4040;cyr;JW4000;ubiA,134.594727
P0AGL5,b2619;JW2600;yfjG,219.0990812
P0A9U1,b0794;JW5104;ybhF,155.1951825
P09099,b3564;JW3536;xylB,98.07603463
P0AD10,b4537;JW1891;yecJ,123.4829001
P20099,b3551;bisC;JW5940,147.558525
P76055,b1344;JW1338;ttcA;ydaO,274.4403368
Q57261,b2745;JW2715;truD;ygbO,342.9305876
P0A832,b2620;JW2601;smpB;smqB,316.3166728
P31441,ade;b3665;JW3640;yicP,58.86544777
P76194,b1679;JW1669;sufE;ynhA,183.2144167
P39161,b4324;JW4287;uxuR,208.891452
P23256,b1622;JW1614;malY,188.5633451
P13016,ampD;b0110;JW0106,359.184358
P64606,b3194;JW3161;mlaE;yrbE,222.8030235
P75863,b0947;JW5126;ycbX,172.5928174
P30745,b0781;bisA;chlA;chlA1;JW0764;moaA;narA,127.9276308
P0ABF1,b0143;JW5808;pcnB,397.4983729
P18390,b4360;JW5795;yjjA,455.0837818
P0A901,b4149;blc;JW4110;yjeL,172.3749385
P0AFI2,b3019;JW2987;parC,376.1571289
P78055,b0825;fsa;fsaA;JW5109;mipB;ybiZ,229.2740286
P0AFL6,b2502;JW2487;ppx,269.6469997
P69425,b3838;JW5580;mttA2;tatB;ysgB,247.0747396
P09549,b2314;dedD;JW5378,238.185278
P27240,b3625;JW3600;rfaY;waaY,370.8190944
P33224,aidB;b4187;JW5867,349.7719869
P24202,b4351;JW4314;mrr,234.208987
P0A7B1,b2501;JW2486;ppk,273.1003812
P02943,b4036;JW3996;lamB;malB,276.3576717
P76007,b1191;cvrA;JW5184;ycgO,117.3713952
P0AE22,aphA;b4055;JW4015;napA;yjbP,98.32332725
P0A8J2,b4362;dnaT;JW4326,194.3807133
P77258,b1650;JW1642;nemA;ydhN,513.7150097
P24242,ascG;b2714;JW5434,150.3800575
P76128,b1487;ddpA;JW5240;yddS,481.3273024
P31828,b1494;JW1489;pqqL;yddC,317.2753402
P52076,b3025;JW2993;qseB;ygiX,122.2627779
P76223,b1754;JW5284;ynjB,295.3022472
P75809,b0844;JW5113;ybjI,269.0369387
P27836,b3794;JW3770;rffM;wecG,255.5502311
P0AAT2,b0579;JW5083;ybdF,183.3015683
P39321,b4221;JW4180;ytfN;ytfO,199.5553386
P24555,b1845;JW1834;ptrB;tlp,213.9571378
P33650,b3409;feoB;JW3372,228.576816
P77316,b0608;JW0601;ybdR,256.7485654
P37642,b3522;JW3490;yhjD,142.7978698
P33218,b1846;JW1835;yebE,174.4665765
P66948,b2494;JW2479;yfgC,325.9796046
P77526,b2302;JW2299;yfcG,183.6501746
P46889,b0890;ftsK;JW0873,198.3570043
P45795,b3280;JW3241;yrdB,210.7434232
P41052,b2701;JW2671;mltB,153.3649993
B1XEM3;C4ZRB5;P0ABB8,ECDH10B_4437;mgtA;b4242;corB;JW4201;mgt,398.1737977
P42616,b3097;JW5516;yqjC,312.0135633
P15977,b3416;JW3379;malA;malQ,289.7790156
P76330,b1956;JW5832;yedQ,158.2563819
P29012,alnB;b1190;dadB;dadX;JW1179,79.73498386
P37637,b3514;JW3482;mdtF;yhiV,380.6890112
P77712,b0443;JW0433;tesC;ybaW,268.76459
P05041,b1812;JW1801;pabB,236.4313524
P03841,b4037;JW3997;malM;molA,986.7193359
P37645,b3524;JW3492;yhjF;yhjG,233.391941
P60340,b3166;JW3135;truB;yhbA,210.0897863
P75864,b0948;JW0931;rlmL;ycbY,371.9084892
P0ADF6,b1851;edd;JW1840,256.606944
P0AE34,artQ;b0862;JW0846,186.0468431
P0AFH0,b1335;JW1329;ogt,194.2935617
P77473,b0457;JW5062;ylaB,388.2167293
P29018,b0887;cydD;htrD;JW0870,288.1776052
P64612,b3232;JW3201;yhcM,254.9183821
P77150,b1636;JW1628;pdxY;ydgS,325.3804375
P02919;P02919-2,b0149;JW0145;mrcB;pbpF;ponB,182.6697193
P76397,b2074;JW5338;mdtA;yegM,272.109032
P06710;P06710-2,b0470;dnaX;dnaZ;dnaZX;JW0459,188.1275872
P0AE82,b3911;cpxA;ecfB;eup;JW3882;ssd,208.466588
P37665,b3552;JW5657;yiaD,600.3654717
P77581,argM;astC;b1748;cstC;JW1737;ydjW,170.5992249
P30130,b4317;fimD;JW5780,161.6117179
P0AGA6,b3669;JW3644;uhpA,283.8636018
P26647,b3018;JW2986;parF;plsC,348.6499103
P45470,b3153;JW5529;yhbO,342.4948297
P0AG40,b0025;JW0023;ribF;yaaC,309.1266671
B1X622;C4ZWB4;P0A843,ECDH10B_0588;ECDH10B_0696;tatE;b0627;JW0622;ybeC,312.3621697
P0A8I8,b0636;JW0631;rlmH;ybeA,220.0686426
P0C960,b1193;emtA;JW5821;mltE;sltZ;ycgP,433.8623712
P33941,b2211;JW2199;yojI;yojJ,296.1955509
P39285,b4159;JW4120;yjeP,406.8453803
P24554,b4389;JW4352;radA;sms,207.5079206
P31827,b1495;JW1490;yddB,324.3781943
P30128,b3406;greB;JW3369,241.8238567
P10908,b3449;JW3414;ugpQ,192.0603024
P75728,b0662;JW0659;ubiF;yleB,185.0881757
B1XFK6;C4ZT78;P0ACI0;P0ACH5,ECDH10B_4554;rob;b4396;JW4359,161.0016568
P06966,b1570;dicA;JW1562,222.0404472
P76272,b1834;JW1823;yebT,217.2906859
P23878,b0588;fepC;JW0580,221.3650224
P75796,b0829;gsiA;JW5897;yliA,273.4380936
P0A756,b3351;JW3314;kefG;yheR,262.2173272
P43340,b0901;JW0884;ycaK,168.3332838
P23524,b3124;garK;JW3093;yhaD,177.5277758
P45544,b3375;frlR;JW5698;yhfR,194.239092
P22939,b0421;ispA;JW0411,354.1295661
P33644,b2593;JW2575;yfiH,203.5207357
P0C093,b3641;JW5641;slmA;ttk;yicB,532.2020394
P32160,b3920;JW3891;yiiQ,263.6226465
P10384,b2344;fadL;JW2341;ttr,266.4332851
P0A698,b4058;dinE;JW4019;uvrA,332.2000489
Q47150,b0226;dinJ;JW0216,392.5852024
P0A7Y8,b3704;JW3681;rnpA,318.4736745
P32099,b4386;JW4349;lplA;yjjF,311.0984717
P0AAK4,b2713;hydN;JW2683,61.99201083
P0A6Z1,b2526;hsc;hscA;JW2510,367.0388944
P42588,b3073;JW5510;patA;ygjG,398.108434
P52060,b2953;JW5479;yggU,289.7136519
P0ADA3,b2742;JW2712;nlpD,280.1814474
P0AFK4,b1125;JW1111;potB,289.898849
P0ADT2,b3037;JW5927;ygiB,683.5734462
P0AFM4,b0384;JW5054;psiF,234.5249115
Q47147,b0223;JW0213;yafJ,223.6200696
P52096,b0187;JW0182;yaeR,108.4241958
P77148,b1668;JW1658;ydhS,235.6687761
P30864,b0208;JW0198;yafC,177.4297303
P69795,b1738;celA;chbB;JW1727,213.7937286
P75838,b0905;JW0888;ycaO,352.5063679
P55734,b2668;JW2643;ygaP,331.7207152
P46888,b1895;JW1884;uspC;yecG,144.0288859
P33940,b2210;JW2198;mqo;yojH,339.1394937
P36979,b2517;JW2501;rlmN;yfgB,357.1471897
P32695,b4049;dusA;JW5950;yjbN,370.3942304
P32701,b4061;JW4022;yjcC,390.2865794
B1XAK0;C5A012;P69428,ECDH10B_4027;tatA;b3836;JW3813;mttA1;yigT,376.4730534
P22525,b0925;JW0908;ycbB,287.1535741
P27830,b3788;JW5598;rffG,288.8312421
P77293,b2351;JW2347;yfdH,365.5464236
P23367,b4170;JW4128;mutL,181.9507187
P36649,b0123;cueO;JW0119;yacK,492.1994625
P09546,b1014;JW0999;poaA;putA,223.6636454
P0A8N0,b0956;JW0939;ycbG,336.3833249
P76062,b1356;JW1351;racR;ydaR,41.45474015
P13001,b3412;bioB;bioH;JW3375,228.4678765
P28905,b4259;holC;JW4216,266.1173606
P0A8R9,b4480;hdfR;JW5607;pssR;yifA;yifD,103.2463023
P0AEI4,b0835;JW0819;rimO;yliG,965.8574255
P0AFQ7,b1100;JW1086;ycfH,447.2074574
P0A6L7,b1521;JW1514;uxaB,100.2199636
P03018,b3813;JW3786;mutU;pdeB;rad;recL;uvrD,190.9382258
P77748,b1687;JW1677;ydiJ,655.4997423
P0A6U5,b3740;gidB;JW3718;rsmG,492.7441599
P0AA39,b1086;JW1072;rluC;yceC,652.0899366
P0AFW0,b3842;hlyT;JW3818;rfaH;sfrB,383.6303772
P00803,b2568;JW2552;lepB,311.0657899
P0ACL2,b3094;exuR;JW3065,327.8206818
P23894,b1829;htpX;JW1818,114.4518172
P0AFD6,b2281;JW2276;nuoI,524.4237605
P69831,b2092;gatC;JW2076,725.7874945
P76187,b1647;JW1639;ydhF,345.7303322
P0AFW8,b0189;JW0184;rof;yaeO,288.0250899
P03004,b3702;dnaA;JW3679,378.2814487
P0AAG3,b0652;gltL;JW0647,385.0248025
Q46893,b2747;ispD;JW2717;ygbP,442.6537872
P36562,b1991;cobT;JW1969,243.3272215
P77434,b2379;JW2376;yfdZ,322.2429805
P37685,aldB;b3588;JW3561;yiaX,221.5175377
P0AAH8,b1290;JW1283;sapF,202.7690533
P08179,b2500;JW2485;purN,492.8530994
Q47622,b1294;JW1287;sapA,300.6838575
P64432,b2611;JW2592;ypjD,446.673654
P75959,b1119;JW1105;nagK;ycfX,259.1452339
P64530,b2105;JW2092;rcnR;yohL,206.4512077
P0A7F9,b0405;JW0395;queA,295.955884
P27303,b2685;emrA;JW2660,591.3343889
P0ACE3,b0460;hha;JW0449,532.6269033
P64429,b2475;JW2460;ypfJ,580.6583199
P29131,b3933;ftsN;JW3904;msgA,319.7373724
P0A915,b1256;JW1248;ompW;yciD,526.3628833
P0ABV6,b0738;JW0728;tolR,504.651245
P0AEE5,b2150;JW2137;mglB,607.3484923
P04995,b2011;cpeA;JW1993;sbcB;xonA,274.6473218
P0C077,b1563;JW1555;relE,327.0689994
B1XBF4;C4ZPV5;P62623,ECDH10B_0030;ispH;b0029;JW0027;lytB;yaaE,528.5961426
P28224,b1639;JW1631;mliC;ydhA,204.0000694
P27829,b3787;JW5599;rffD;wecC,385.5259241
P21151,b3845;fadA;JW5578;oldA,238.9260665
P76578,b2520;JW2504;yfhM,279.7456895
P33368,b2137;JW2125;yohE;yohF,226.1038898
P64588,b3071;JW3042;yqjI,355.6982946
P0A6B4,alr;b4053;JW4013,169.1721178
P52007,b1875;JW5309;yecL;yecM,344.9895438
P63389,b3352;JW3315;yheS,311.8065783
P45469,b3152;JW5528;yraR,333.9321866
P0AD01,b4124;dcuR;JW4085;yjdG,280.9984935
P0A7C2,b4043;exrA;JW4003;lexA;spr;tsl;umuA,337.4836136
P77364,b0514;glxB5;glxK;JW0502;ybbZ,499.0299678
P0A809,b1861;JW1850;ruvA,107.7563968
B1XFU3;C4ZY94;P77285,ECDH10B_1765;rsxG;b1631;JW1623;rnfG;ydgP,267.3592707
P0A754,b0046;JW0045;kefF;yabF,418.6871017
P0A6I3,b3974;coaA;JW3942;panK;rts,364.0975285
P0AEW6,b0477;gsk;JW0466,492.1667806
P0AE39,b2381;JW2378;ypdB,304.9869669
P30870,b3053;glnE;JW3025,251.8353948
P64604,b3193;JW3160;mlaD;yrbD,580.200774
P77348,b1329;JW1322;mppA;ynaH,385.2099996
P00926,b2366;dsdA;JW2363,358.9555851
P67697,b1438;JW1433;ydcQ,372.7473232
P08957,b4349;hsdM;hsm;JW4312,695.8400316
P15038,b0962;helD;JW0945,348.5845466
P27249,b0167;glnD;JW0162,279.7783713
P31433,b3655;JW3630;yicH,397.1388726
P0AEP1,b2943;galP;JW2910,340.337828
P0AEX9,b4034;JW3994;malE,1006.742412
P77212,b0304;JW5040;ykgC,292.9055786
P64610,b3207;JW3174;yrbL,132.5466647
P24205,b1855;JW1844;msbB,394.7966738
P06612,b1274;JW1266;supX;topA,504.7492905
P25894,b2936;JW2903;yggG,611.6733897
P60293,b0922;JW0905;kicB;mukF,409.5143975
P28861,b3924;fpr;JW3895;mvrA,206.4185258
B1XFA6;C5A0L5;P0AGL7,ECDH10B_3121;yggJ;b2946;JW2913;rsmE,306.0436799
P60651,b2937;JW2904;speB,433.0889009
P75958,b1118;JW1104;lolE;ycfW,340.8498436
P0A959,b2290;JW2287;yfbQ,393.3804606
P0ABS1,b0145;dksA;JW0141,467.600928
P0ADC3,b1116;JW5161;lolC;ycfU,311.240093
P0AEA8,b3368;cysG;JW3331,203.7386146
B1XDD6;C4ZVG4;P40120,ECDH10B_1552;mdoD;opgD;b1424;JW1420;ydcG;yzzZ,384.2186504
P10441,b0182;JW0177;lpxB;pgsB,293.87514
P0AFH2,b1244;JW1236;oppB,1019.597271
P0A7Y4,b0214;dasF;herA;JW0204;rnh;rnhA;sdrA,443.2856362
P00936,b3806;cya;cyaA;JW3778,507.4509896
P45579,b0599;JW0592;ybdH,806.9038309
P77788,b1759;JW1748;nudG;ynjG,354.7069454
P76216,astB;b1745;JW1734;ydjT,250.6479545
P32141,b3881;JW3852;yihT,264.559526
P16681,b4107;JW4068;phnB;yjdN,504.226381
P37751,b2032;JW2017;yefI,680.1309586
P0ABN5,b4138;dcuA;genA;JW5735,538.0194076
P76418,b2099;JW2086;yegU,140.444777
P0AF98,b4261;JW4218;lptF;yjgP,622.273201
P36929,b3289;fmu/fmv;JW3250;rrmB;rsmB;sun;yhdB,576.8890139
P0AGB0,b4388;JW4351;serB,378.5211156
P77721,b1770;JW1759;ydjF,547.2247936
P39371,b4310;JW5777;nanM;yjhT,257.8597481
P14175,b2677;JW2652;proV,459.1036486
P76149,b1525;JW5247;yneI,460.4000284
P23830,b2585;JW2569;pss;pssA,635.1389536
P0ACX5,b1675;JW1665;ydhZ,471.5990069
P77202,b0604;dsbG;JW0597;ybdP,560.9947438
P75913,b1033;ghrA;JW5146;ycdW,475.0959642
P31134,b0855;JW5818;potG,447.3163969
P0A6I9,b0103;coaE;JW0100;yacE,357.288811
P0AFK6,b1124;JW1110;potC,539.9476364
P07821,b0151;fhuC;JW0147,273.2311086
P05637,apaH;b0049;JW0048,391.4631258
P60240,b0059;hepA;JW0058;rapA;yabA,565.2760653
P22186,b0081;JW0079;mraZ;yabB,312.4057455
P05458,b2821;JW2789;ptr;ptrA,375.6015375
P0ADE4,b4220;JW4179;yftM;ytfM,267.2285433
P37692,b3620;JW3595;rfaF;waaF,537.9431499
P76143,b1517;JW1510;lsrF;yneB,350.6761846
P0A8D0,b0413;JW0403;nrdR;ybaD,312.8959731
P05052,appY;b0564;JW0553,85.69724157
P77806,b0600;JW0593;ybdL,627.6765992
P23909,b2733;fdv;JW2703;mutS,453.6893565
P0ABF8,b1912;JW1897;pgsA,849.2921824
P0ABJ3,b0430;cyoC;JW0420,626.6525681
P0AA53,b0489;JW0478;qmcA;ybbK,293.5918973
P28903,b4238;JW4197;nrdD,204.6537062
P0A9T6,b0483;JW0472;ybaQ,1062.606577
P77781,b1686;JW1676;ydiI,521.602228
P0ABQ2,b3125;garR;JW5526;yhaE,419.0574959
P38105,b1580;JW1572;rspB,106.0188121
P0C8J8,b2095;gatZ;JW2082,518.2142102
P42604,b3091;JW3062;uxaA;ygjW,121.3476863
P75830,b0878;JW0862;macA;ybjY,388.2494111
P22524,b0923;JW0906;kicA;mukE;ycbA,381.2119207
P07014,b0724;JW0714;sdhB,810.7493946
P0A948,b1066;JW1053;rimJ,299.0497653
P32173,b3857;chlB;JW3829;mob;mobA;narB,358.7159182
P0ACB0,b4052;dnaB;groP;grpA;JW4012,282.0987822
P16384,b4171;JW4129;miaA;trpX,726.6372224
P0AEA2,b1037;csgG;JW1020,567.236976
P75745,b0712;JW0702;ybgK,702.7903704
P20966,b2167;fruA;JW2154;ptsF,346.0353628
P0A8K1,b4160;JW4121;psd,519.1510897
P08395,b1766;JW1755;sppA,553.412556
P0AGB6,b2573;JW2557;rpoE;sigE,395.4394168
P0AAZ4,b0892;JW0875;rarA;ycaJ,308.9196821
P31806,b4167;JW4125;yjeF,351.3951852
P36995,b1557;cspB;JW1549,1005.086532
P13857,b1427;JW1423;rimL,359.9360404
P03023,b0345;JW0336;lacI,582.924261
P37906,b1301;JW1294;ordL;puuB;ycjA,2257.552834
P37749,b2034;JW2019;yefG,827.6676957
P65556,b2299;JW2296;yfcD,1123.819671
P0C0K3,b3859;JW3831;rdoA;yihE,371.0260794
P0AG20,b2784;JW2755;relA,395.2215378
P0AED5,b1914;JW1899;uvrY;yecB,550.9832056
P77318,b1498;JW5243;ydeN,585.6150662
P46125,b1958;JW1941;yedI,348.2141524
P0AE28,aroM;b0390;JW0381,402.8908772
P37590,b2259;JW2254;pmrD,366.3852576
P0AEW9,b2168;fpk;fruK;JW2155,559.7855156
P0AF48,b4056;JW4017;yjbQ,220.8530069
P21345,b4077;gltP;JW4038,666.7858724
P05852,b3064;gcp;JW3036;ygjD,463.3522883
P77279,b0490;JW0479;ybbL,744.0784331
P75828,b0876;JW0860;ybjD,377.4426147
P33232,b3605;JW3580;lctD;lldD,273.8193818
P0A8E5,b0119;JW0115;yacL,673.4638625
P17443,b0090;JW0088;murG,502.3199401
P76112,b1448;JW5233;yncA,413.0876124
P0A8B2,b2331;JW2328;yfcN,321.0991159
P0A7T7,b4202;JW4160;rpsR,1128.939826
P0ACT6,b1618;gusR;JW1610;uidR,180.3602023
P39838,b2216;JW2204;yojN;yojP;yojQ,530.600629
P30843,b4113;basR;JW4074;pmrA,421.6720434
P45568,b0173;dxr;ispC;JW0168;yaeM,376.5166292
P0A8Z0,b1253;JW1245;yciA,747.9566786
P0A6U3,b3741;gidA;JW3719;mnmG;trmF,583.3709129
B1XC20;C5A0V8;P0A7C6,ECDH10B_4210;pepE;b4021;JW3981,984.4207128
P75736,b0686;JW0673;ybfF,315.7828693
P23930,b0657;cutE;JW0654;lnt,366.9517429
P27250,b4269;JW5761;yjgB,746.2354348
P0ADS9,b2958;JW2925;yggN,336.4704765
P37005,b4403;JW4366;lasT;yjtD,471.4138098
P0ADR8,b2795;JW2766;ygdH,473.4836599
P25666,b3618;htrL;JW5644;yibB,125.3457652
P68739,b3998;JW5547;nfi;yjaF,390.776807
P12998,b0776;bioF;JW0759,656.7307584
P52644,b1379;hslJ;JW1374;ydbI,340.8062678
P0AFF2,b2393;cru;JW2389;nupC,667.8316914
P10902,b2574;JW2558;nadB;nicB,1029.510763
P23485,b4292;fecR;JW4252,187.2996472
P64463,b1541;JW1534;ydfZ,370.7319428
P31060,b0760;JW0743;modF;phrA,688.7480714
P24178,b2471;JW2455;yffB,232.6184706
P0A752,b0639;JW0634;nadD;ybeN,593.2517237
P21169,b2965;JW5482;speC,839.0409774
P0ABY4,b2895;fldB;JW2863,559.3606516
P0AEJ6,b2441;eutB;JW2434,393.2497332
P69874,b1126;JW1112;potA,389.317018
P37128,b2467;JW2451;nudK;yffH,581.9764876
P0A8I1,b2949;JW2916;yqgF,377.5297663
P08331,b4213;cpdB;JW4171,737.618322
P08192,b2315;dedC;folC;JW2312,577.8694692
P12295,b2580;JW2564;ung,490.0642487
P0AFB8,b3868;glnG;glnT;JW3839;ntrC,603.1216405
P0A6H8,b1249;cls;JW1241;nov;yciJ,362.1584058
P0A968,b0880;cspD;cspH;JW0864;ybjA,1368.82456
P27828,b3786;JW5600;nfrC;rffE;wecB;yifF,623.4715353
P07604,b1323;JW1316;tyrR,579.1767429
P0A962,ansA;b1767;JW1756,500.4461811
P0A7B3,b2615;JW2596;ppnK;yfjB;yfjE,453.3189622
P0AED7,b2472;dapE;JW2456;msgB,511.971978
P27278,b4390;JW5800;nadI;nadR,533.4548434
P0AEC3,arcB;b3210;JW5536,382.4756187
P0AC86,b3428;glgP;glgY;JW3391,778.6667179
P77376,b1624;JW5265;ydgJ,267.8712862
P0AB77,b3617;JW3592;kbl,258.5242789
P0A7J0,b3041;htrP;JW3009;ribB,1015.294161
P45424,b3221;JW3190;yhcH,391.626535
P06616,b2566;era;JW2550;rbaA,785.1595108
P07109,b2306;hisP;JW2303,671.6118913
P19624,b0052;JW0051;pdxA,438.8517993
Q47679,b0219;JW5019;yafV,496.1539656
P37313,b3540;dppE;dppF;JW3509,787.3600883
P64554,b2777;JW2748;ygcF,744.2636302
P42599,b3087;JW3058;ygjR,755.5824421
P62601,b3519;JW3487;treF,357.92066
P0AG93,b0409;JW0399;secF,517.1901791
P22634,b3967;dga;glr;JW5550;murI;yijA,396.1693113
P51024,b0354;JW0345;yaiL,900.657147
P26648,b3017;JW2985;sufI,753.2293494
P27833,b3791;JW3765;rffA;wecE;yifI,595.1036948
P09053,avtA;b3572;JW5652,949.5273976
P02929,b1252;exbA;JW5195;tonB,478.4404062
P75974,b1145;JW1131;ymfK,515.6214506
B1X6U5;C4ZS97;P33012,ECDH10B_2156;sbmC;b2009;gyrI;JW1991;yeeB,700.5897929
P0A821,b3591;fdhA;JW3564;selA,544.1853821
P0ADT8,b3055;JW3027;ygiM,773.0345468
P0A9K7,b3724;JW3702;nmpA;phoU,297.5028247
P75949,b1107;JW1093;nagZ;ycfO,656.7089705
P05042,b1611;fumC;JW1603,540.7211067
P39377,b4328;iadA;JW4291;yjiF,647.8304029
P06961,b3056;cca;JW3028,483.1683796
P0A7D1,b1204;JW1195;pth,984.3444552
P23917,b0394;JW0385;mak;yajF,1100.179804
P0AGJ2,b3651;JW3626;spoU;trmH,327.2541965
P0A8K5,b4406;JW0185;yaeP,479.3990736
P37636,b3513;JW3481;mdtE;yhiU,1037.757482
P0AB26,b1063;JW1050;yceB,666.8512361
P0CB39,b3955;cptA;JW3927;yijP,888.2162585
P76001,b1177;JW1166;ycgJ,445.5733652
P77552,b1664;JW1656;ydhQ,927.5760924
P0A6T3,b0757;galA;galK;JW0740,689.2382991
P0A7M9,b3936;JW3907;rpmE,2577.943844
P24232,b2552;fsrB;hmp;hmpA;JW2536,913.9368696
P20083,b3030;JW2998;nfxD;parE,826.1643309
P15042,b2411;dnaL;JW2403;lig;ligA;lop;pdeC,661.3062166
P23827,b2209;eco;eti;JW2197,576.8781199
P31130,b1536;JW1529;ydeI,320.3038577
P0A9D4,b3607;cysE;JW3582,805.6837088
P0A746,b1778;JW1767;msrB;yeaA,1050.862901
P77718,b0423;JW0413;thiI;yajK,1149.529388
P28249,asmA;b2064;JW2049;yegA,468.8755199
P0A7A7,b4041;JW4001;plsB,1066.125322
P36655,b4136;cutA2;cycZ;dipZ;dsbD;JW5734,483.7566528
P37595,b0828;iaaA;JW0812;spt;ybiK,363.8469677
P37613,b3459;JW3424;yhhK,929.1775028
P0AEH3,b2267;elaA;JW2262;yfbC,883.2159364
P0AF52,b4064;JW4025;yjcD,1021.41656
P0A9C9,b3925;glpX;JW3896,769.1127255
P0A812,b1860;JW1849;ruvB,559.4151213
P0AGC3,b4392;JW4355;slt;sltY,429.6899891
P0AC55,b0450;glnK;JW0440;ybaI,1731.919846
P39342,b4263;JW4220;yjgR,613.3619516
P13036,b4291;fecA;JW4251,563.9252158
P0A8H6,b3866;JW3837;yihI,662.678854
P0AEH1,b0176;ecfE;JW0171;rseP;yaeL,645.5644618
P0ADA7,b1283;JW1275;osmB,427.8489119
P39286,b4161;engC;JW4122;rsgA;yjeQ,684.9351897
P0A6U8,b3429;glgA;JW3392,836.186763
P0AC30,b3462;ftsS;ftsX;JW3427,589.7002967
P25539,b0414;JW0404;ribD;ribG;ybaE,361.6246023
P0A7X6,b2608;JW5413;rimM;yfjA,1577.661543
P46852,b3439;JW3402;yhhW,506.2526553
P23003,b3965;JW3937;trmA,1005.805533
P30863,b0207;dkgB;JW0197;yafB,371.9847468
P0AAH0,b3725;JW3703;phoT;pstB,659.6721244
P0AA89,b1490;dosC;JW5241;yddV,402.1391947
P09323,b0679;JW0665;nagE;pstN,922.7609674
P0A9X1,b1858;JW1847;yebM;znuC,311.5669115
P0AC33,b1612;fumA;JW1604,1510.881642
P08390,b2319;JW2316;usg,939.396026
P75798,b0831;gsiC;JW0815;yliC,463.831622
B1XEL0;C5A0J7;P0A9B6,ECDH10B_3102;epd;b2927;gapB;JW2894,439.8976184
B1X8Z7;C4ZUC8;P0AFD1,ECDH10B_2447;nuoE;b2285;JW2280,1441.487193
P0A9R7,b3463;ftsE;JW3428,726.1578887
P76329,b1955;JW1938;yedP,518.0181191
P67660,b3105;JW3076;yhaJ,673.137044
P0A9T8,b0495;JW0484;ybbA,471.7079464
P0ACB7,b3802;hemY;JW3774,742.4661288
P08373,b3972;JW3940;murB;yijB,603.034489
P0AAG0,b3541;dppD;JW3510,1192.669422
P00562,b3940;JW3911;metL;metM,964.1797575
P62617,b2746;ispF;JW2716;mecS;ygbB,888.6846982
P67826,b1874;cutC;cutCM;JW1863,565.7880809
P42641,b3183;cgtA;JW3150;obg;obgE;yhbZ,471.4464916
P0A8U0,b2793;JW2764;syd;ydr,1083.621003
P43672,b0949;JW0932;uup;ycbH;ycbI,855.4145812
P0AD99,b0401;brnQ;JW0391,523.8028055
P27848,b3826;JW5854;yigL,785.0723593
P0AG00,b3785;JW5601;wzz;wzzE;yifC,1004.890441
P22523,b0924;JW0907;mukB,885.1441651
P13482,b1197;JW1186;osmA;treA,695.6875163
P18956,b3447;ggt;JW3412,943.982378
P18196,b1176;JW1165;minC,564.6877922
P0A6C5,argA;b2818;JW2786,1936.726067
P37757,b1464;JW1459;yddE,426.3019713
P0AEM4,b1071;flgM;JW1058,755.5279724
P67087,b3146;JW3115;rsmI;yraL,736.2892603
P37760,b2040;JW2025;rfbD;rmlD,842.27648
P0AG80,b3453;JW3418;ugpB,1071.365311
P0A921,b3821;JW3794;pldA,777.9259294
P0A9P6,b3162;csdA;deaD;JW5531;mssB;rhlD,1182.864869
P0AGI8,b3290;JW3251;trkA,613.078709
P39160,b4323;JW4286;uxuB,332.7556402
P04968,b3772;ilvA;JW3745,1171.099405
P0C054,b3687;hslT;htpN;ibpA;JW3664,605.4856272
P0ACL0,b3423;glpR;JW3386,950.6494742
P0A9L3,b4207;fklB;JW5746;ytfC,2221.058109
P25522,b3706;JW3684;mnmE;thdF;trmE,735.7445629
P37648,b3527;JW3495;yhjJ,885.5799231
P0A840,b2744;JW2714;surE;ygbC,639.2677598
P46853,b3440;JW3403;yhhX,1013.758115
P0A8W5,b2948;JW2915;yqgE,786.7718151
P77689,b1681;JW1671;sufD;ynhC,749.1005431
P64483,b1787;JW1776;yeaK,422.3038924
P77554,b0324;JW0316;yahJ,548.7935221
P37330,b2976;glc;glcB;JW2943,1007.101912
P76403,b2081;JW2066;yegQ,918.7955704
P00490,b3417;JW5689;malP,1320.564371
P0A8T1,b3259;JW3227;prmA;yhdI,672.5814527
P0AC84,b0212;gloB;JW0202;yafR,1070.199659
P33219,b1847;JW1836;yebF,1809.375816
P0AGE6,b3713;JW3691;yieF,921.4101179
P0ADC6,b4262;JW5760;lptG;yjgQ,831.6984565
B1XFS1;C4ZUT8;Q59385,copA;ECDH10B_0441;b0484;JW0473;ybaR,396.8229481
P0AG78,b3917;JW3888;sbp,2101.333621
P0AF20,b0676;JW0662;nagC;nagR,474.5185849
P0A725,asmB;b0096;envA;JW0094;lpxC,675.4029852
P36680,b0102;JW0099;yacF,1140.923169
P30871,b3054;JW3026;ygiF,816.8500054
P75777,b0795;JW0779;ybhG,788.057301
P75914,b1034;JW1017;ycdX,1183.409566
P31475,b3755;JW5608;yieP,815.7279288
P39337,b4256;JW5758;yjgM,665.195356
P68688,b0849;grx;grxA;JW0833,504.3244265
P77756,b0444;JW0434;queC;ybaX,1033.824767
P39451,adhP;b1478;JW1474;yddN,412.7063243
P43533,b1070;flgN;JW1057,938.2630554
P0ADI7,b1867;JW5307;yecD,640.9998976
P31979,b2284;JW2279;nuoF,1688.017235
P0AAB4,b3843;JW3819;ubiD;yigC;yigY,616.9678484
P76537,b2432;JW2425;yfeY,696.6026079
P08244,b1281;JW1273;pyrF,1599.449438
B1X8Z9;C4ZUD0;P0AFC7,ECDH10B_2449;nuoB;b2287;JW5875,1875.175261
P13009,b4019;JW3979;metH,1227.530055
P75876,b0967;JW5898;rlmI;yccW,898.5001453
P09996,b3698;JW3675;yidB,1105.08208
B1X776;C4ZVY1;P15067,ECDH10B_3605;glgX;b3431;glyX;JW3394,1035.480647
P0AG16,b2312;JW2309;purF,2773.490209
P62517,b1049;JW1037;mdoH;opgH,747.1832083
P0A7I4,b4375;JW5873;miaD;prfC;tos,1654.463876
P76290,b1870;cmoA;JW1859;yecO,702.9973554
P0AF67,b4168;JW4126;yjeE,711.1351345
P0A8F4,b2066;JW2051;udk,700.2411865
P68206,b4045;JW4005;yjbJ,1138.526501
P38521,b2959;JW2926;yggL,1468.613124
P0ADP0,b3812;JW3785;yigB,1410.112623
P0ABH0,b0094;divA;ftsA;JW0092,786.2162238
P37750,b2033;JW2018;wbbJ;yefH,1457.174478
P31678,b1897;JW1886;otsB,604.5160659
P0AF03,b0009;chlG;JW0008;mog;mogA;yaaG,855.8285512
B1XBL8;C4ZTW2;P37765,ECDH10B_1384;rluB;b1269;JW1261;yciL,1128.28619
P0A6G3,b2700;JW2670;ygaD,1176.3285
P76243,b1792;JW1781;yeaO,878.3136598
P75957,b1117;JW5162;lolD;ycfV,631.0428291
P0ABQ0,b3639;coaBC;dfp;JW5642,783.4164792
P0AG90,b0408;JW0398;secD,1249.64477
P0A731,b0963;JW5129;mgsA;yccG,1166.632886
P38104,b1581;JW1573;rspA,252.1404254
P0ADG4,b2533;JW2517;ssyA;suhB,1584.960488
P0AGD7,b2610;ffh;JW5414,1810.900968
P0A7Q6,b3299;JW3261;rpmJ,2029.760383
P69908,b3517;gadA;gadS;JW3485,2024.967046
P17445,b0312;betB;JW0304,665.3369773
P0A9W9,b3279;JW5710;yrdA,1173.060316
P04335,b0239;frsA;JW0229;yafA,950.4533831
P0A9S5,b3945;gldA;JW5556,727.2146017
P06992,b0051;JW0050;ksgA;rsmA,1061.451819
P0A6K3,b3287;def;fms;JW3248,1353.790912
P39310,b4206;JW5745;ytfB,813.2658966
P0AFX4,b3995;JW3959;rsd,1383.422451
P0A720,b1098;JW1084;tmk;ycfG,762.0098714
P21499,b4179;JW5741;rnr;vacB;yjeC,935.9971142
P42620,b3102;JW3073;yqjG,661.0992315
P0A6L9,b2527;hscB;JW2511;yfhE,630.3020407
P21829,b0766;JW0749;ybhA,1490.401019
P69811,b2169;fpr;fruB;fruF;JW2156,697.8880938
P0AG82,b3728;JW3706;phoS;pstS,1100.288743
P60390,b0082;JW0080;mraW;rsmH;yabC,885.2422107
P62615,b1208;ipk;ispE;JW1199;ychB,1112.489965
P33363,b2132;bglX;JW2120;yohA,1097.783135
P0ACC7,b3730;glmU;JW3708;yieA,1537.789693
P0ADP2,b3820;JW5588;yigI,729.9707705
P0ACR9,b2684;emrR;JW2659;mprA,1918.097416
P0A7I0,b1211;JW1202;prfA;sueB;uar,1489.420564
P0A749,b3189;JW3156;murA;murZ,1436.258098
P0ADQ2,b3888;JW3859;yiiD,1202.909733
P05791,b3771;ilvD;JW5605,1808.068542
P0ABD3,b3336;bfr;JW3298,2495.585597
P15770,aroE;b3281;JW3242,1090.048432
P0ADA1,apeA;b0494;JW0483;pldC;tesA,2004.159605
P64624,b3346;JW5703;yheO,999.8247553
P25745,asuE;b1133;JW1119;mnmA;trmU;ycfB,837.1127486
P07913,b3616;JW3591;tdh,745.3748129
P36767,b0393;JW0384;rdgC;yaiD,1491.926172
P0AFS9,b1856;JW5304;yebA,1198.661093
P24255,b3202;glnF;JW3169;ntrA;rpoN,1016.634117
P0A6C1,b2159;JW2146;nfo,1658.167818
P0AE91,b4397;creA;JW4360;yjjD,1137.001348
P45464,b3147;JW3116;yraM,1424.492634
P39356,b4295;JW5952;yjhU,1059.52359
P0AAS7,b0528;JW5070;ybcJ,1232.214453
P0AA95,b0122;JW0118;yacC,1141.467867
P76113,b1449;JW5907;yncB,699.9906257
P0AC92,b4517;gnsA;JW0976;yccL,778.2309599
P0AFX9,b2571;JW2555;rseB,968.9295189
P29745,b1127;JW1113;pepT,1102.903291
P52643,b1380;hslI;htpH;JW1375;ldhA,1016.44892
P07862,b0092;ddl;ddlB;JW0090,1002.984
P25906,b1406;JW1403;ydbC,1129.811342
P37626,b3487;JW3454;yhiI,1423.730058
P0ADT5,b3038;JW3006;ygiC,1177.744713
P0A6J8,b0381;ddlA;JW0372,921.9766032
P77625,b2293;JW5376;yfbT,1013.986888
P06983,b3805;hemC;JW5932;popE,856.7545368
P68066,b2579;grcA;JW2563;yfiD,2441.987373
P77330,b0557;borD;JW0546;ybcU,3027.428136
P33643,b2594;JW2576;rluD;sfhB;yfiI,1401.397465
P22188,b0085;JW0083;murE,961.0640884
P0ABE2,b0435;bolA;JW5060,2826.434796
P25516,acn;acnA;b1276;JW1268,1542.256212
P0AAC6,b0970;JW0953;yccA,3456.976504
P64476,b1685;JW1675;ydiH,705.6445847
P0AGJ5,b2581;JW2565;yfiF,975.7818121
P77488,b0420;dxs;JW0410;yajP,1923.980148
P24215,b4322;JW4285;uxuA,827.8964687
P52108,b1608;JW1600;rstA;urpT,882.9762695
P0AE78,b0658;corC;JW0655;ybeX,890.198957
P75849,b0927;JW0910;ycbL,910.8756702
P0A9N4,act;b0902;JW0885;pflA,1531.144385
P0A847,b0406;JW0396;tgt,1786.171706
P06960,argF;b0273;JW0266,2906.178495
P10100,b0633;JW0628;rlpA,788.5148468
P0A722,b0181;JW0176;lpxA,791.619622
P00861,b2838;JW2806;lysA,1450.855988
P0A6I0,b0910;cmk;JW0893;mssA;ycaF;ycaG,1884.979814
P26612,amyA;b1927;JW1912;yedC,913.4902177
P0ACE7,b1103;hinT;JW1089;ycfF,645.5535678
P67080,b2951;JW2918;yggS,840.1085843
P0AGD1,b1646;JW1638;sodC,1497.591025
P46837,b3407;JW3370;yhgF,1748.587586
P75960,b1120;cobB;JW1106;npdA;ycfY,1077.520392
P0ACV4,b1279;JW1271;yciS,2287.946949
P0A8A2,b1983;JW1964;yeeN,1652.067207
P36879,b0127;JW0123;yadG,1069.219204
P32162,b3922;JW3893;yiiS,1281.564037
P69411,b0196;JW0192;rcsF,1837.155383
P06129,b3966;bfe;btuB;cer;dcrC;JW3938,1441.160375
Q46920,b2794;JW2765;queF;yqcD,1058.368832
P69228,b2079;baeR;JW2064,928.2297293
B1X881;C4ZU28;P0AA43,ECDH10B_2341;rsuA;b2183;JW2171;yejD,1998.385813
P21362,b1258;JW1250;yciF,1010.762279
P32157,b3910;JW5559;yiiM,1102.140714
P21507,b2576;JW2560;rbaB;srmB,1586.267761
P33602,b2283;JW2278;nuoG,2753.881103
P0A6J1,b2750;cysC;JW2720,2925.242904
P0AFJ1,b4108;JW4069;phnA;yjdM,2525.108196
P0AB40,b1112;bhsA;JW1098;ycfR,389.4586393
P0A800,b3649;JW3624;rpoZ,2101.115742
P75797,b0830;gsiB;JW5111;yliB,1142.012564
P17952,b0091;JW0089;murC,928.3822446
P76034,b1284;JW1276;yciT,1045.69917
P0AB10,b0952;JW5127;ymbA,579.4599856
P0ADV1,b3200;JW3167;lptA;yhbN,1627.229006
P31466,b3714;JW3692;yieG,1689.10663
P0ADK8,b3602;JW3577;yibL,1487.786472
P23865,b1830;JW1819;prc;tsp,1447.587804
P21369,b1768;JW1757;nam;pncA;ydjB,692.397544
P0A8I5,b2960;JW2927;trmB;trmI;yggH,1960.910632
P13000,b0778;bioD;JW0761,1489.747383
P63386,b3195;JW3162;mlaF;yrbF,1711.657102
P76076,b1383;JW5216;ydbL,1618.187029
P63177,b4180;JW4138;rlmB;yjfH,1411.746715
P09127,b3803;hemX;JW3775,1154.758483
P21338,b0611;JW0603;rna;rnsA,1737.693638
P75713,b0515;glxB6;JW0503;ylbA,1438.545827
P37349,b1198;dhaM;JW5185;ycgC,1383.313511
P00550,b3599;JW3573;mtlA,2291.106194
P45577,b1831;JW5300;proQ;yebJ;yobE;yoeC,2014.835674
P18133,b0931;JW0914;pncB,1343.114843
B1X8Z8;C4ZUC9;P33599,ECDH10B_2448;nuoC;nuoCD;nuoD;b2286;JW5375,2502.557724
P27550,acs;b4069;JW4030;yfaC,1982.371709
P00393,b1109;JW1095;ndh,1633.547496
P14081,b3590;fdhA;JW3563;selB,1216.418228
P24197,b3039;JW3007;ygiD,1060.482257
P0A7Y0,b2567;JW2551;rnc,1535.828782
P61320,b1209;hemM;JW1200;lolB;ychC,1656.860544
P0AFJ7,b3493;JW3460;pit;pitA,1984.986257
P0AE63,b1217;chaB;JW1208,712.3116809
P0A6S7,b3608;gpsA;JW3583,1264.896297
P0AG84,b3003;JW2972;yghA,1043.476805
P76569,b2495;JW2480;yfgD,2919.79593
P13029,b3942;JW3914;katG,2086.517851
P30749,b0785;chlA5;JW0768;moaE,1893.477094
P0AB43,b1179;JW1168;ycgL,2132.708191
P00582,b3863;JW3835;polA;resA,1279.276308
P0A8I3,b0006;JW0005;yaaA,1539.532725
P0A8Y5,b3697;JW3674;yidA,1012.810341
P07024,b0480;JW0469;ushA,1602.935502
P0AC13,b3177;dhpS;folP;JW3144,1763.403355
P0A8N5,b4129;JW4090;lysU,1338.539385
P0A894,b3205;JW3172;yhbJ,832.8205331
P0C018,b3304;JW3266;rplR,2425.755391
P64503,b1836;JW5302;yebV,2703.115306
P0ABZ4,b3198;JW3165;kdsC;yrbI;yrbJ,1741.615459
P76576,b2513;JW2497;yfgM,1417.302629
P0AEN1,b3844;fadI;flrD;fre;fsrC;JW3820;ubiB,1683.006019
B1X777;C4ZVY2;P07762,ECDH10B_3606;glgB;b3432;JW3395,1426.017787
P41407,acpD;azoR;b1412;JW1409,1237.11673
P37745,b2038;JW2023;rfbC;rmlC,1123.601792
P19926,agp;b1002;JW0987,1811.009908
P0A8A8,b3170;JW5533;rimP;yhbC,1223.935053
P0AF08,b2113;JW2100;mrp,1677.885864
P31697,b4316;fimC;JW4279,2073.336174
P0ACZ4,b2369;evgA;JW2366,1799.462323
P39099,b3234;degQ;hhoA;JW3203,1877.245111
P04391,argI;b4254;JW4211,3349.562177
P37773,b4233;JW4192;mpl;yjfG,1187.876085
P11557,b3388;damX;JW3351;yhfB,1072.095206
P0ABU9,b0737;fii;JW0727;tolQ,1370.89441
B1XAZ0;C4ZX90;P62620,ECDH10B_2681;ispG;b2515;gcpE;JW2499,1881.60269
P0A7E1,b0945;JW0928;pyrD,3018.821917
P0AG99,b3175;JW3142;secG,1521.66665
P33221,b1849;JW1838;purT,3558.943857
P0AEG6,b2893;dsbC;JW2861;xprA,2028.562048
P0AC81,b1651;gloA;JW1643,1488.004351
P0AE01,b2532;JW2516;trmJ;yfhQ,1285.376919
P17854,b2762;cysH;JW2732,3811.247691
P75792,b0822;JW0806;supH;ybiV,1714.598468
P77522,b1683;JW5273;sufB;ynhE,1251.60568
P45395,b3197;JW3164;kdsD;yrbH,2354.617911
P0A8F8,b0779;JW0762;uvrB,1297.033443
P39406,b4371;JW4333;rsmC;yjjT,2720.109864
P07650,b4382;deoA;JW4345;tpp;ttg,1525.697411
P0A9U3,b0820;JW0804;ybiT,1339.955598
P22255,amtA;b4214;cysQ;JW4172,1553.04122
P0A944,b4373;JW4335;rimI,1342.461206
P25437,adhC;b0356;frmA;JW0347,2402.006584
P00579,alt;b3067;JW3039;rpoD,2623.153728
P17993,b2232;JW2226;pufX;ubiG;yfaB,2355.053669
P0A6P5,b2511;der;engA;JW5403;yfgK,1045.797216
B1XHA9;C4ZZJ8;P0AA57,ECDH10B_1982;yobA;b1841;JW1830,2624.134183
P0A6L0,b4381;deoC;dra;JW4344;thyR,1268.600239
P0A884,b2827;JW2795;thyA,1547.594246
P03817,b3742;JW3720;mioC;yieB,880.4270857
P27306,b3962;JW5551;sth;sthA;udhA,1850.663878
P11880,b0086;JW0084;mra;murF,1869.07465
P0A6N8,b2171;JW5362;yeiP,2833.080105
P76170,b1583;JW1575;ynfB,1471.44555
P0AES2,b2787;gudD;JW2758;ygcX,1693.573149
P0AC02,b2595;JW2577;yfiO,2042.397362
P25397,b1430;JW1426;tehB,1637.905075
Q2M7R5,b4554;JW3576;yibT,2951.497319
P0A738,b0783;chlA3;JW0766;moaC,2563.237014
P36659,b1000;cbpA;JW0985,1093.534496
P25714,b3705;JW3683;oxaA;yidC,2187.722628
P08506,b0839;dacC;JW0823,1120.333608
P60546,b3648;gmk;JW3623;spoR,1636.70674
P27248,b2905;gcvT;JW2873,2309.408027
P33195,b2903;gcvP;JW2871,2462.141177
P0A951,b1584;JW1576;speG,1209.119283
P33920,b2186;JW2174;ndpA;yejK,2001.653997
P03813,b2840;JW2808;ygeA,892.5847316
P0A9T4,b2834;JW2802;tas;ygdS,1825.607798
P76536,b2431;JW2424;yfeX,1249.317951
P10346,b0809;glnQ;JW0794,2186.633233
P0A8X2,b1056;JW1043;yceI,2719.129409
P37759,b2041;JW2026;rfbB;rmlB,2246.767826
P32176,b3894;fdoG;JW3865,1909.164379
P31224;P24181,acrB;acrE;b0462;JW0451,2098.065436
P69488,b4137;cutA;cutA1;cycY;JW4097,1027.26661
P37747,b2036;glf;JW2021;yefE,2645.59526
P76268,b1827;JW1816;kdgR;yebP,1399.545494
P0ABK2,b0734;cyd-2;cydB;JW0723,2439.699644
P39411,b4394;JW5801;yjjX,661.1319134
P30750,abc;b0199;JW0195;metN,1886.613907
P33018,b2154;JW2141;yeiG,2282.608915
P77808,b2249;JW2243;yfaY,1288.427224
P12994,b0773;JW0756;ybhB,1665.248884
P65367,b2790;JW2761;yqcA,1809.920513
P0A7A2,b4395;gpmB;JW4358;ytjC,1542.909849
P0A8A4,b1703;JW1693;ydiA,1004.672562
P0A6J5,b1189;dadA;dadR;JW1178,357.3541747
P0AG14,b1272;JW1264;sohB,1868.312074
P40874,b1059;JW1046;solA,2350.58715
P31063,b1928;JW1913;yedD,2220.404472
P06989,b2026;hisI;hisIE;JW2008,1999.257328
P61316,b0891;JW0874;lolA;lplA;yzzV,1503.473757
P0A6Y5,b3401;hslO;JW5692;yrfI,3443.25013
P0AGG8,b3244;JW3213;tldD;yhdO,1601.737168
P0AF50,b4057;JW4018;yjbR,1314.46376
P0AF18,b0677;JW0663;nagA,1268.164481
P0A6V8,b2388;glk;JW2385,1968.536395
P22731,b3454;JW3419;livF,2634.265555
P0ACA7,b0838;JW0822;yliJ,1783.33928
P0ABQ4,b0048;folA;JW0047;tmrA,1955.681537
P39177,b0607;JW0600;uspG;ybdQ;yzzU,1846.524178
P0ABU0,b2262;JW2257;menB,2286.203917
P0ADX1,b3356;JW3319;yhfA,2088.043004
P0AFL3,b3363;JW3326;ppiA;rot;rotA,2690.042568
P0A8S1,b2916;iciA;JW2883,1522.211348
P0AET5,b3511;hdeD;JW3479;yhiA,4176.739645
P0AE18,b0168;JW0163;map,2709.978493
P21363,b1257;JW1249;yciE,1711.221344
P0AES0,b2988;gsp;JW2956,1598.251104
P0A8U6,b3938;JW3909;metJ,2727.844567
P21179,b1732;JW1721;katE,4421.199837
P0A7E9,b0171;JW0166;pyrH;smbA,3317.316091
P45955,b0742;JW0732;ybgF,2747.235795
P0C8J6,b2096;gatY;JW5343;yegF,2491.010139
P0A6W9,b2688;gshA;gsh-I;JW2663,1686.165264
P16703,b2421;cysM;JW2414,2553.432461
P76014,b1199;dhaL;JW5186;ycgS,2207.331734
P39176,b1990;erfK;JW1968;yeeG;yzzT,1666.665097
P08622,b0015;dnaJ;groP;JW0014,1992.503081
P0ABI8,b0431;cyoB;JW0421,3586.832364
P10121,b3464;ftsY;JW3429,2621.737514
P30177,b0800;JW0785;ybiB,1947.075318
P0A6I6,b3634;coaD;JW3609;kdtB;yicA,2101.5515
P32662,b3385;gph;JW3348;yhfE,2615.527964
P0AGA2,b3300;JW3262;prlA;secY,3186.044018
P07639,aroB;b3389;JW3352,1281.781916
B1XG11;C4ZYG6;P00887,aroH;ECDH10B_1840;b1704;JW1694,1360.43622
P77454,b0485;glsA1;JW0474;ybaS,2350.696089
P0AG59,b3307;JW3269;rpsN,5135.407065
P0ADF8,b3670;ilvN;JW3645,4906.960977
P0A6M4,b3887;dtd;JW3858;yihZ,1101.704957
P0AB61,b1273;JW1265;yciN,984.181046
P0AEX5,b3355;JW3318;prkB;yhfF,1349.869091
P63279ups,,957.806798
P0ADP9,b3858;JW3830;yihD,1966.139727
P0A729,b1087;JW5155;yceF,2300.801808
P16869,b1102;fhuE;JW1088,1609.253992
P06149,b2133;dld;JW2121,2763.685656
P0AFI7,b1638;JW1630;pdxH,1714.053771
Q93K97,aspP;b3034;JW3002;nudF;yqiE;yzzG,3211.753736
P0ACP7,b1658;JW1650;purR,1955.136839
P0AAX3,b0802;JW0787;ybiJ,312.6018365
P23839,b3644;JW3619;yicC,2150.029568
P0AEM0,b0028;fkpB;JW0026;slpA;yaaD,3176.130526
P0AEZ9,b0782;chlA2;JW0765;moaB,3514.823368
P0AEB2,b0632;dacA;JW0627;pfv,2405.05689
P27434,b2516;JW2500;rodZ;yfgA,2102.640894
P76015,b1200;dhaK;JW5187;ycgT,2602.564166
P0A9Q5,accD;b2316;dedB;JW2313;usg,2401.026129
P16700,b2425;cysP;JW2418,4109.959744
P28248,b2065;dcd;dus;JW2050;paxA,1102.358593
P27431,b1128;JW1114;ycfD,1539.859543
P0AFY8,b0687;JW0674;seqA,1894.566489
P27838,b3807;cyaY;JW3779,5377.579528
P0A9V1,b3201;JW3168;lptB;yhbG,1884.870875
P37339,b2660;JW2635;ygaF,4544.410389
P76004,b1180;JW1169;ycgM,1792.599136
P0AE12,amn;b1982;JW1963,1271.759484
P00963,asnA;b3744;JW3722,4908.26825
P0AET2,b3509;hdeB;JW5669;yhhD;yhiC,3516.130641
P76193,b1678;JW1668;ynhG,2729.587599
P0AG27,b3611;JW3586;yibN,3395.861456
P0AAT6,b0637;JW5090;ybeB,2830.356618
P06971,b0150;fhuA;JW0146;tonA,2020.718406
P0A993,b4232;fbp;fdp;JW4191,3118.174723
P29680,b3997;hemE;JW3961,2537.745176
P09424,b3600;JW3574;mtlD,2509.856669
P0A9S7,b3455;JW3420;livG,1895.764823
B1XHL8;C4ZSY4;P0A9J0,ECDH10B_3423;rng;b3247;cafA;JW3216;yhdF,1177.744713
P77247,b1727;JW1716;yniC,2124.646669
P77171,b1422;JW5226;ydcI,985.9894414
P0AFM2,b2679;JW2654;proU;proX,3828.460129
P31808,b1271;JW1263;yciK,2178.135954
P09158,b0121;JW0117;speE,3309.036691
P0A9Z1,b2553;glnB;JW2537,1102.685412
P00893,b0077;ilvI;JW0076,3258.92453
Q46857,b3012;dkgA;JW5499;yqhE,1979.103525
P02925,b3751;JW3730;prlB;rbsB;rbsP,5393.375753
Q46829,b2901;bglA;JW2869;yqfC,3093.118642
P00946,b1613;JW1605;manA;pmi,2744.185489
P0A7F6,b0120;JW0116;speD,3180.814923
P0A988,b3701;dnaN;JW3678,2313.329848
Q46948,b0424;JW5057;thiJ;yajL,2389.696423
P23882,b3288;fmt;JW3249;yhdD,1561.320621
P64534,b2107;JW5346;yohN,1924.742724
P22259,b3403;JW3366;pck;pckA,2481.859223
P0ABH9,b0882;clpA;JW0866;lopD,2450.484653
P30958,b1114;JW1100;mfd,2497.546508
P0A9H1,b3068;JW3040;mug;ygjF,2177.264438
P10408,azi;b0098;JW0096;pea;prlD;secA,2107.543171
P39452,b2675;JW2650;nrdE,1118.590576
P09030,b1749;JW1738;xth;xthA,2785.037794
P0A6D7,aroK;b3390;JW5947,3211.426917
P22256,b2662;gabT;JW2637,2818.264336
P37194,b3506;JW3474;slp,7269.531469
P30850,b1286;JW1279;rnb,3500.770175
Q46856,b3011;JW2978;yqhD,2141.20547
P76037,b1296;JW1289;puuP;ycjJ,1856.54661
P11875,argS;b1876;JW1865,2930.907757
P39199,b2330;JW5841;yfcB,2651.260113
P0ABD8,accB;b3255;fabE;JW3223,1746.735615
P21645,b0179;firA;JW0174;lpxD;omsA,2312.131514
P08142,b3671;ilvB;JW3646,7290.774668
P64596,b3150;JW3119;yraP,3939.578398
P17117,b0851;JW0835;mda18;mdaA;nfsA;ybjB,3366.665675
P33362,b2131;JW2119;osmF;yehZ,3057.822251
P0A6C8,argB;b3959;JW5553,6785.622301
P63228,b0200;gmhB;JW0196;yaeD,1402.160041
P63235,acsA;b1492;gadC;JW1487;xasA,3981.302219
P09029,b0522;JW0511;purK,3655.573175
P64506,b1839;JW1828;yebY,2507.56894
P0A759,b0678;glmD;JW0664;nagB,2172.253222
P0C0L7,b4111;JW4072;proP,2280.756943
P0AAR3,b0481;JW0470;ybaK,2812.599483
P26616,b1479;JW5238;maeA;sfcA,3930.7543
P69924,b2235;ftsB;JW2229;nrdB,2865.54407
P0ABD5,accA;b0185;JW0180,3514.169731
P0A8E1,b1108;JW5158;ycfP,3369.280223
P37095,b2523;JW2507;pepB;yfhI,4871.446706
P0AES6,acrB;b3699;gyrB;himB;hisU;JW5625;nalC;parA;pcbA,2720.000925
P0A8X0,b4234;JW4193;yjgA,2639.49465
P30011,b0109;JW0105;nadC,3109.132746
P09147,b0759;galD;galE;JW0742,3424.185721
P39173,b1780;JW1769;yeaD;yzzQ,4645.070468
P06715,b3500;gor;JW3467,2662.37194
P46130,b0772;JW0755;ybhC,3892.843362
P0A9W6,b3190;JW3157;yrbA,4115.951416
P0ACD4,b2529;icsU;JW2513;nifU;yfhN,4899.444152
P25524,b0337;codA;JW0328,5612.453046
P60560,b0104;guaC;JW0101,3611.016928
P0ACN4,allR;b0506;glxA3;JW0494;ybbU,2576.309751
P11446,argC;b3958;JW3930,6895.542236
P0AD49,b2597;JW2578;raiA;yfiA,4011.914213
P0A794,b2564;JW2548;pdxJ,2640.366165
P0A9M2,b0125;hpt;JW5009,3555.566733
P75818,b0865;JW0849;ybjP,1819.398248
P05194,aroD;b1693;JW1683,2282.391036
P0A6V1,b3430;glgC;JW3393,2705.511974
P0ABJ9,b0733;cyd-1;cydA;JW0722,3666.140305
P78061,b1297;JW5201;puuA;ycjK,4033.48423
P16676,b2422;cysA;JW2415,3631.715429
P00956,b0026;ileS;ilvS;JW0024,3889.248359
P14900,b0088;JW0086;murD,2882.320749
P00452;P00452-2,b2234;dnaF;JW2228;nrdA,2976.117641
P45799,b3397;JW3360;nudE;yrfE,1968.863214
P06721,b3008;JW2975;metC,3489.440469
P31677,b1896;JW5312;otsA,3314.156846
P75691,b0325;JW0317;yahK,4756.188737
P0ADZ0,b3318;JW3280;rplW,4893.888239
P15640,b4005;JW3969;purD,4732.657809
P24203,b4352;JW5790;yjiA,5550.357543
P0AB24,b1018;JW1003;ycdO,5572.363318
P0A769,b2392;JW2388;mntH;yfeP,1431.573701
P40191,b2418;JW2411;pdxK;yfeI,2164.1917
P0AB28,b1088;g30k;JW1074;yceD,6253.452944
P0A8B5,b0471;JW0460;ybaB,3569.184168
P77173,b2412;JW2404;zipA,3038.539963
P04425,b2947;gshB;gsh-II;JW2914,4349.953418
P37774,b1917;JW1902;yecC,3509.594273
P0A6H1,b0438;clpX;JW0428;lopC,5629.774423
P25526,b2661;gabD;JW2636,3004.224027
P0A6D3,aroA;b0908;JW0891,4090.350638
P64451,b1431;JW1427;ydcL,2860.532854
P76372,b2027;cld;JW5836;rol;wzz;wzzB,3632.478006
P77667,b1684;JW1674;sufA;ydiC,8957.766584
P0A784,b4162;JW5740;orn;yjeR,2919.79593
P0ADY1,b0441;JW0431;ppiD;ybaU,2478.373159
P0A927,b0411;JW0401;nupA;tsx,5798.412738
P67603,b2900;JW2868;yqfB,3751.004159
P11447,argH;b3960;JW3932,6962.540016
P69828,b2094;gatA;JW2078/JW2081,6359.124239
P12995,b0774;bioA;JW0757,2147.415021
P0ACQ4,b3961;JW3933;momR;mor;oxyR,5722.046162
P0ABA0,atpF;b3736;JW3714;papF;uncF,4614.022716
P0A734,b1174;JW1163;minE,3644.243469
P69829,b3204;JW3171;ptsN;rpoP;yhbI,2769.677328
P09831,aspB;b3212;gltB;JW3179,5500.572201
B1X9J7;C4ZS24;P21513,ECDH10B_1155;rne;ams;b1084;hmp1;JW1071,4053.311215
P0AC41,b0723;JW0713;sdhA,5341.411621
P0ADA5,b0434;JW0424;yajG,7959.772012
P36683,acnB;b0118;JW0114;yacI;yacJ,7658.77223
P0A9F3,b1275;cysB;JW1267,3626.268455
P76658,b3052;hldE;JW3024;rfaE;waaE;yqiF,3947.63992
P68767,b4260;carP;JW4217;pepA;xerB,3442.378614
P0A6H5,b3931;hslU;htpI;JW3902,3468.741968
P75915,b1035;JW1018;ycdY,15611.02742
P77735,b0419;JW0409;yajO,2593.631129
P37146,b2676;JW2651;nrdF;ygaD,1677.123287
P0A7G6,b2699;JW2669;lexB;recA;recH;rnmB;tif;umuB;zab,4742.135544
P0A7G2,b3167;JW3136;P15B;rbfA;yhbB,4669.581851
P38038,b2764;cysJ;JW2734,6625.590206
P0A9L8,b0386;JW0377;proC,5019.822277
P77774,b2512;JW2496;yfgL,3551.753851
P76558,b2463;JW2447;maeB;ypfF,3276.681665
P0A780,b0416;JW0406;nusB;ssyB,3235.9383
P0A9X4,b3251;envB;JW3220;mreB;rodY,5785.44894
P77499,b1682;JW1672;sufC;ynhD,2594.284766
P00935,b3939;JW3910;metB,3829.658463
P37051,b1232;JW1220;purU;tgs;ychI,3873.778953
P0AAN9,b0382;iraP;JW0373;yaiB,3391.721756
P0A705;P0A705-2;P0A705-3,b3168;infB;JW3137;ssyG,5055.227608
P0A9H7,b1661;cdfA;cfa;JW1653,3807.107991
P0A6P7,b3865;engB;JW5930;yihA,3804.820262
P24182,accC;b3256;fabG;JW3224,5195.977416
P07004,b0243;JW0233;proA,2664.768609
P04805,b2400;gltX;JW2395,6700.649507
P0A8P3,b2962;JW2929;yggX,3112.727749
P0A887,b3833;JW5581;ubiE;yigO,3891.536088
P30860,artJ;b0860;JW0844,11597.69699
P00547,b0003;JW0002;thrB,5487.172645
P07623,b4013;JW3973;metA,3553.823701
P0ACU7,b4135;cutA3;JW5733;yjdC,2659.757393
P69786,b1101;glcA;JW1087;ptsG;umg,6888.243291
P0ABF6,b2143;cdd;JW2131,2113.099084
P31554,b0054;imp;JW0053;lptD;ostA;yabG,3255.220588
P0A8W2,b1642;JW5267;slyA,2030.740838
B1X5Z1;P10378,ECDH10B_0554;ECDH10B_0662;entE;b0594;JW0586,3724.531866
P0AGG2,b0452;JW0442;tesB,2763.140959
P68679,b3065;JW3037;rpsU,13043.32388
P0A9M8,b2297;JW2294;pta,3296.399711
P0ABU2,b1203;engD;gtp1;JW1194;ychF,6784.423967
P0AGK4,b3180;JW3147;yhbY,5216.784856
P07003,b0871;JW0855;poxB,3344.659901
P39831,b1539;JW1532;ydfG,6250.184759
P21888,b0526;cysS;JW0515,4104.730649
P04036,b0031;dapB;JW0029,2183.691867
P69407,b2217;JW2205;rcsB,4437.32288
P0A7S3,b3342;JW3304;rpsL;strA,5208.069698
P60785,b2569;JW2553;lepA,3927.703995
P15877,b0124;gcd;JW0120,2698.757726
P0A7I7,b1277;JW1269;ribA,6231.011411
P23538,b1702;JW1692;pps;ppsA,4160.834481
P0A8D6,b1045;JW1032;ymdB,1840.423567
P28304,b4051;hcz;JW4011;qor;qor1;qorA,2498.526963
P17846,b2763;cysI;JW2733,3325.050794
P09832,aspB;b3213;gltD;JW3180,8873.556366
P75823,b0870;JW0854;ltaE;ybjU,3330.388829
P0AEL6,b0592;fepB;JW0584,3734.663237
P0A9M0,b0439;capR;deg;JW0429;lon;lopA;muc,4412.702558
P06999,b1723;JW5280;pfkB,2847.133298
P0AA16,b3405;JW3368;kmt;ompB;ompR,3823.993611
P0A881,b4393;JW4356;rtrY;trpR,3928.68445
B1X6Q6;C4ZWK0;P0AFG3,ECDH10B_0792;sucA;b0726;JW0715,5689.473258
P0AEZ1,b3941;JW3913;metF,4422.72499
P16456,b1764;fdhB;JW1753;selD,3170.247794
P69805,b1819;gptB;JW1808;manZ;ptsM,4412.37574
P0A8M3,b1719;JW1709;thrS,5025.160312
P29217,b1067;JW1054;yceH,1908.619681
P0ADC1,b0641;JW0636;lptE;rlpB,4135.88734
P0A8G3,b3092;JW3063;uxaC;ygjX;ygjY;ygjZ,1104.864201
P0AAB8,b3923;JW3894;uspD;yiiT,1373.508958
P75779,b0804;JW5105;ybiX,3637.92498
P18335,argD;b3359;dapC;dtu;JW3322,9708.250658
P0AF24,b0675;JW0661;nagD,3612.65102
P00962,b0680;glnS;JW0666,4651.062139
P0A7B5,b0242;JW0232;proB,3755.579617
P0ABC7,b4174;hflA;hflK;JW4132,3778.456908
P0AB38,b1105;JW5157;ycfM,5065.141101
P0ABU7,b3006;exbB;JW2974,4372.286011
P69503,apt;b0469;JW0458,3912.452468
P31133,b0854;JW0838;potF,6720.040734
P0AES4,b2231;gyrA;hisW;JW2225;nalA;parD,5394.683026
P15034,b2908;JW2876;pepP,4384.705112
P37744,b2039;JW2024;rfbA;rmlA;rmlA1,3902.974733
P0AC19,b2303;folX;JW2300,3972.478121
P12008,aroC;b2329;JW2326,3716.470344
P23908,argE;b3957;JW3929,6892.274052
P0AF12,b0159;JW0155;mtn;mtnN;pfs;yadA,3724.313987
P0A6A6,b0072;JW0071;leuC,11297.02403
P0AB14,b1003;JW0988;yccJ,2592.977492
P77395,b0492;JW5067;ybbN,3117.412146
P0AEE1,b3472;dcrB;JW5682;yhhR,4315.746421
P0ACA1,b3592;JW3565;yibF,3318.296547
P05459,b2320;JW2317;pdxB,5872.818402
P0A855,b0740;JW5100;tolB,5857.566875
P0A9X9,b3556;cspA;cspS;JW3525,9535.799462
P00959,b2114;JW2101;metG,5232.907899
P0AEY5,b3028;JW2996;mda66;mdaB,3828.895887
P0A8J8,b3780;JW3753;mmrA;rhlB,3951.017044
B1X5Y1;C4ZV30;P13039,ECDH10B_0544;ECDH10B_0652;fes;b0585;JW0576,4039.149083
B1X9G2;C4ZRY9;P33136,ECDH10B_1120;mdoG;opgG;b1048;JW1035,4556.066913
P0ABJ1,b0432;cyoA;JW0422,6329.710579
P0ACY1,b1765;JW1754;ydjA,5647.640498
P76402,b2080;JW5339;yegP,6075.445834
P37903,b1376;JW1370;uspF;ynaF;yzzL,3408.716315
P0A9A9,b0683;fur;JW0669,7627.833417
P31120,b3176;glmM;JW3143;mrsA;yhbF,4137.303554
P06986,b2021;hisC;JW2003,5987.313795
P0ABU5,b3209;elb2;elbB;JW3176;yzzB,3779.655242
P0A6Z3,b0473;htpG;JW0462,6561.315913
P07118,b4258;JW4215;valS,5281.494907
P67095,b2300;JW5377;yfcE,1520.359376
P76316,b1919;dcyD;JW5313;yedO,5805.058046
P0ACA3,b3229;JW3198;pog;ssp;sspA,4830.158644
P15047,b0596;entA;JW0588,5325.615396
P27298,b3498;JW3465;opdA;prlC,4797.694679
P0A903,b2477;dapX;JW2462;nlpB,3785.537974
P0A6Q6,b0180;fabZ;JW0175;sefA;yaeA,3922.365961
P0A940,b0177;JW0172;yaeT;yzzN;yzzY,5923.5842
P11454,b0586;entF;JW0578,4680.366859
P0AE06,acrA;b0463;JW0452;lir;mtcA,6155.73423
P0A7E5,b2780;JW2751;pyrG,5565.718009
P22106,asnB;b0674;JW0660,5162.206177
P0ADU5,b3024;JW2992;ygiW,8228.198889
P0ACY3,b1783;JW1772;yeaG,4096.995946
P0ABC3,b4175;hflA;hflC;JW4133,5371.152099
P0ADV7,b3192;JW3159;mlaC;yrbC,8396.837203
P0AAB6,b2042;galF;JW2027;wcaN,5988.512129
P0AFK0,b4235;JW4194;pmbA;tldE,5184.320891
P0A9L5,b3775;JW3748;parVA;ppiC,6217.393976
P0A8G6,b1004;JW0989;wrbA,4818.39318
P77804,b1614;JW1606;ydgA,4955.874803
P10371,b2024;hisA;JW2006,4013.548305
P0AFR4,b1267;JW5196;yciO,4580.687235
P00957,alaS;b2697;JW2667;lovB,5192.92711
P0AC69,b1654;grxD;JW1646;ydhD,7573.363678
P77529,b1729;JW1718;ydjN,10536.40858
P24171,b1538;dcp;JW1531,7174.536243
B1X6Q7;C4ZWK1;P0AFG6,ECDH10B_0793;sucB;b0727;JW0716,5785.884697
P0A998,b1905;ftn;ftnA;gen-165;JW1893;rsgA,6691.280712
P0AFG0,b3982;JW3945;nusG,6013.350331
P0AFU8,b1662;JW1654;ribC;ribE,6502.379654
P00894,b0078;brnP;ilvH;JW0077,5804.513348
P0A6B7,b2530;iscS;JW2514;yfhO;yzzO,11743.67589
P21170,b2938;JW2905;speA,6663.719024
P75694,b0329;JW0321;yahO,5288.140215
P0AFM6,b1304;JW1297;pspA,3739.674453
Q46845,b2989;JW5492;yghU,4507.588845
P0A9M5,b0238;gpp;gpt;gxu;JW0228,9358.554929
P37643,b3523;JW3491;yhjE,8636.939816
P0AD59,b0220;ivy;JW0210;ykfE,6792.04973
P26646,b3253;JW3222;yhdH,3943.827038
P07813,b0642;JW0637;leuS,6063.68037
P61714,b0415;JW0405;ribE;ribH;ybaF,5532.491468
P30178,b0801;JW0786;ybiC,7023.546124
P0ADW3,b3233;JW5539;yhcB,5615.067594
P23845,b2751;cysN;JW2721,10166.77693
P0AEG4,b3860;dsbA;dsf;JW3832;ppfA,11738.22892
P16659,b0194;drpA;JW0190;proS,5075.054593
P04846,b3661;JW3635;nlpA,7993.434311
P75780,b0805;fiu;JW0790;ybiL,12021.47157
P0AF28,b1221;frdR;JW1212;narL,5265.153985
P0A9W3,b4391;JW4354;yjjK,7935.914265
P25553,ald;aldA;b1415;JW1412,7322.476056
P0ACJ8,b3357;cap;crp;csm;JW5702,7367.68594
P0AAI3,b3178;ftsH;hflB;JW3145;mrsC;tolZ,6539.636956
P0A8T7,b3988;JW3951;rpoC;tabB,9438.298628
P0ABZ6,b0053;JW0052;surA,7599.835971
P60664,b2025;hisF;JW2007,6382.328348
P0ADK0,b3554;JW5655;yiaF,3708.95352
P77444,b1680;csdB;JW1670;sufS;ynhB,4141.225375
P30859,artI;b0863;JW0847,7932.755021
P17169,b3729;glmS;JW3707,5882.405076
P37188,b2093;gatB;JW2077,9849.545163
P32132,b3871;bipA;JW5571;typA;yihK,8194.209771
P0ABA6,atpG;b3733;JW3711;papC;uncG,7023.328245
P0AFF6,b3169;JW3138;nusA,5103.160979
P0ACB2,b0369;hemB;JW0361;ncf,4550.728879
P35340,ahpF;b0606;JW0599,5078.213838
P37902,b0655;gltI;JW5092;ybeJ;yzzK,11834.09566
P21165,b3847;JW3823;pepQ,8290.621211
P0AEB7,b1809;JW5295;yoaB,8472.114384
P0A6W5,b3181;greA;JW3148,8424.72571
P0AAI5,b1095;fabF;fabJ;JW1081,7580.008986
P0AGJ9,b1637;JW1629;tyrS,5217.111675
P69441,adk;b0474;dnaW;JW0463;plsA,11182.63757
P04079,b2507;guaA;JW2491,8736.292622
P45523,b3347;fkpA;JW3309;yzzS,8845.776799
P63284,b2592;clpB;htpM;JW2573,6211.947002
P0A9K3,b0660;JW0657;ybeZ,5916.067375
P60906,b2514;hisS;JW2498,5316.682359
P38489,b0578;dprA;JW0567;nfnB;nfsB;nfsI;ntr,6908.397095
P0A8A0,b1864;JW1853;yebC,6608.050949
P15254,b2557;JW2541;purI;purL,9920.029006
P69797,b1817;gptB;JW1806;manX;ptsL,7637.420092
P0ABV2,b3005;exbD;JW2973,5707.448272
P0AG30,b3783;JW3756;nitA;psuA;rho;rnsC;sbaA;tsu,9562.162816
P23836,b1130;JW1116;phoP,8055.856632
P0AEU0,b2309;hisJ;JW2306,16192.76424
P15639,b4006;JW3970;purH,11615.12731
P75874,b0965;JW5130;yccU,4283.500335
P0AB67,b1602;JW1594;pntB,9703.893079
P07001,b1603;JW1595;pntA,9607.154821
P0AC53,b1852;JW1841;zwf,5612.779864
P0AGE0,b4059;exrB;JW4020;lexC;ssb,8040.387226
P61949,b0684;fldA;JW0671,5345.006624
Q46868,b3042;JW5505;yqiC,7383.482165
P0A9C3,b0756;galM;JW0739,3584.871453
P0A8L1,b0893;JW0876;serS,4742.789181
P0AEK2,b1093;fabG;JW1079,7773.376562
P09551,argT;b2310;JW2307,11599.87578
P00968,b0033;carB;JW0031;pyrA,16250.50216
P0C0V0,b0161;degP;htrA;JW0157;ptd,9054.940599
P31663,b0133;JW0129;panC,5684.244163
P0AGD3,b1656;JW1648;sodB,18186.35671
P00954,b3384;JW3347;trpS,8792.832212
P06987,b2022;hisB;JW2004,8407.94903
P37689,b3612;gpmI;JW3587;pgmI;yibO,7192.729136
B1X8Q8;C4ZQ80;P0A6Q3,ECDH10B_1024;fabA;b0954;JW0937,9745.399021
P76177,b1604;JW1596;ydgH,8595.869633
P06610,b1710;btuE;JW1700,6517.522242
P0ADN2,b3764;JW3737;yifE,13492.15454
P21599,b1854;JW1843;pykA,7445.577668
P0AEP3,b1236;galU;JW1224;ychD,7870.550578
P0AE88,b3912;cpxR;JW3883;yiiA,5514.625393
P0ACG1,b2669;hnsB;JW2644;stpA,10642.73351
P0A908,b1782;JW1771;mipA;yeaF,10841.33018
P04825,b0932;JW0915;pepN,6295.285704
P0A7L3,b1716;JW1706;pdzA;rplT,16626.34337
P07012,b2891;JW5847;prfB;supK,7130.306814
P0A742,b3291;JW3252;mscL;yhdC,2914.893654
P69913,b2696;csrA;JW2666;zfiA,8961.797344
P0A707,b1718;fit;infC;JW5829,15541.30615
P0A6A3,ack;ackA;b2296;JW2293,7564.975338
P0A6X7,b1712;hid;himA;ihfA;JW1702,4293.958525
P33570,b2465;JW2449;tktB,7863.251633
P0A796,b3916;JW3887;pfkA,4897.81006
P30126,b0071;JW0070;leuD,11330.79527
P24186,ads;b0529;folD;JW0518,8020.451302
P00864,b3956;glu;JW3928;ppc,9982.887086
P21889,aspS;b1866;JW1855;tls,7484.142244
P0AFK9,b1123;JW1109;potD,12754.63426
P0AAI9,b1092;fabD;JW1078;tfpA,10706.24523
P0A955,b1850;eda;hga;JW1839;kdgA,10871.39748
P0ABA4,atpH;b3735;JW3713;papE;uncH,14838.64651
P24251,b0240;crl;JW0230,8212.184786
P0A8N3,asuD;b2890;herC;JW2858;lysS,7983.194
P21156,b2752;cysD;JW2722,17380.20456
P0A9D2,b1635;gst;JW1627,6038.406411
P0ADY3,b3310;JW3272;rplN,25053.9015
P0AAC0,b1333;JW1327;uspE;ydaA,9393.088744
P0AAX8,b0819;JW0803;ybiS,10910.28888
P0AEQ3,b0811;glnH;JW0796,13704.58653
P08178,b2499;JW2484;purG;purM,12157.64592
P00961,b3559;glyS;glyS(B);JW3530,11936.49877
P0A6F1,b0032;carA;JW0030;pyrA,18275.68709
P04816,b3458;JW3423;livK,17732.07908
P0ACJ0,alsB;b0889;ihb;JW0872;livR;lrp;oppI,11104.20115
P05020,b1062;JW1049;pyrC,15231.91803
P05055,b3164;JW5851;pnp,10934.25556
P0A836,b0728;JW0717;sucC,13284.08013
P0ADE8,b2898;JW2866;ygfZ;yzzW,6448.345672
P36938,b0688;JW0675;pgm,6240.053388
P0A6G7,b0437;clpP;JW0427;lopP,17088.24676
P0A991,b2097;dhnA;fbaB;JW5344,7902.905603
P0A6K6,b4383;deoB;drm;JW4346;thyR,7180.636854
P0A6N4,b4147;efp;JW4107,15690.55324
P00960,b3560;glyQ;glyS(A);JW3531,12967.06625
P0A8V2,b3987;groN;JW3950;nitB;rif;ron;rpoB;stl;stv;tabD,12129.32165
P0AG44,b3294;JW3256;rplQ,29326.50789
P0A8W8,b2294;JW2291;yfbU,10917.91464
P0ACX3,b1667;JW1657;ydhR,8940.445206
P04693,b4054;JW4014;tyrB,6468.826295
B1X9V9;C4ZZ09;P0A6E6,atpC;ECDH10B_3918;b3731;JW3709;papG;uncC,15323.42719
P0ADG7,b2508;guaB;guaR;JW5401,11473.50598
P0AG18,b0523;JW0512;purE,11509.45601
P0ABP8,b4384;deoD;JW4347;pup,8095.292724
P0C037,b0391;JW0382;yaiE,10043.78425
P37666,b3553;ghrB;JW5656;tkrA;yiaE,8565.475518
P63020,b3414;gntY;JW3377;nfuA;yhgI,19304.07577
P60757,b2019;hisG;JW2001,15096.83307
P0A7Z0,b2914;JW5475;rpiA;ygfC,13666.45771
P0A8M0,asnS;b0930;JW0913;tss,8691.191677
P0A8F0,b2498;JW2483;upp;uraP,16271.20066
P0AGE9,b0729;JW0718;sucD,17430.31673
P69910,b1493;gadB;JW1488,20764.95419
P60595,b2023;hisH;JW2005,10790.23757
P0A7V3,b3314;JW3276;rpsC,26100.8099
P0AG07,b3386;dod;JW3349;rpe;yhfD,8883.360919
P0ADS6,b2922;JW2889;yggE,9302.560036
P0AEN8,b2804;fucU;JW2775,14936.69204
P67910,b3619;hldD;htrM;JW3594;rfaD;waaD,12190.32776
P0ADZ7,b0407;JW0397;yajC,21291.13188
P0A805,b0172;frr;JW0167;rrf,16521.76147
P0AFH8,b4376;JW4338;osmY,14791.80253
P37329,b0763;JW0746;modA,1617.751271
P0A6X3,b4172;hfq;JW4130,16955.34059
P0AB55,b1251;JW1243;yciI,6350.51802
P0A9K9,b3349;JW3311;slyD,11656.52431
P0A905,b1641;JW1633;slyB,11441.91354
P0A7L8,b3185;JW3152;rpmA,21402.25015
P52697,b0767;JW0750;pgl;ybhE,9846.712736
P0A9Q1,arcA;b4401;cpxC;dye;fexA;JW4364;msp;seg;sfrA,10985.45712
P00934,b0004;JW0003;thrC,25529.96703
P0A7M2,b3637;JW3612;rpmB,20015.45057
P0AA10,b3231;JW3200;rplM,15606.66984
P0AC59,b1064;grxB;JW1051,9986.26421
P0A6E4,argG;b3172;JW3140,27383.02758
P05825,b0584;fep;fepA;feuB;JW5086,15589.23952
P0AB80,b3770;ilvE;JW5606,16833.32838
P0ADE6,b2665;JW2640;ygaU;yzzM,11904.90632
P60422,b3317;JW3279;rplB,28959.38184
P0AB89,b1131;JW1117;purB,17623.1396
B1XC89;C4ZRK7;P0AFG8,aceE;ECDH10B_0094;b0114;JW0110,19058.96194
P39180,b2000;flu;JW1982;yeeQ;yzzX,15077.22397
B1XC90;C4ZRK8;P06959,aceF;ECDH10B_0095;b0115;JW0111,17214.61656
P0A6Y1,b0912;himD;hip;ihfB;JW0895,10990.90409
P0AC62,b3610;grxC;JW3585;yibM,6064.225068
P06988,b2020;hisD;JW2002,12577.06291
P12758,b3831;JW3808;udp,11363.47711
P0A7U7,b0023;JW0022;rpsT,29191.42294
P0A6R0,b1091;fabH;JW1077,15633.90471
P0A7V8,b3296;JW3258;ramA;rpsD,33083.83054
P0A7X3,b3230;JW3199;rpsI,32971.62288
P0A6T5,b2153;folE;JW2140,10080.82368
P77717,b0453;JW0443;ybaY,14997.69815
P63224,b0222;gmhA;JW0212;lpcA;tfrA;yafI,8658.618773
P0AES9,b3510;hdeA;JW3478;yhhC;yhiB,32325.61176
P0A7U3,b3316;JW3278;rpsS,34387.83611
P0A6L2,b2478;dapA;JW2463,17346.43333
P02413,b3301;JW3263;rplO,28689.21193
P08839,b2416;JW2409;ptsI,16690.61766
P00561,b0002;JW0001;thrA;thrA1;thrA2,33040.25475
P0A786,b4245;JW4204;pyrB,38061.27536
P0AE52,b2480;bcp;JW2465,14834.28893
P0A858,b3919;JW3890;tpi;tpiA,16323.49161
P0A6T1,b4025;JW3985;pgi,19284.46667
P0A8J4,b0631;JW0626;ybeD,13199.10734
P31658,b1967;hchA;JW1950;yedU;yzzC,12962.70867
P77695,b1550;gnsB;JW5253;ydfY,7880.681949
P00370,b1761;gdhA;JW1750,13859.28059
P0ADB1,anr;b1739;JW1728;osmE,23522.21242
P0A867,b2464;JW2448;talA,13486.70757
P0A715,b1215;JW1206;kdsA,11548.67423
P00509,aspC;b0928;JW0911,20790.01027
P0A8M6,b2007;JW1989;yeeX,19486.0047
P62768,b0163;JW0159;yaeH,12201.22171
P08997,aceB;b4014;JW3974;mas,33525.03543
P0A9A6,b0095;ftsZ;JW0093;sfiB;sulB,18820.38448
P56262,b3830;JW5853;ysgA,14743.86916
P68919,b2185;JW2173;rplY,24801.16191
P27302,b2935;JW5478;tkt;tktA,19548.10021
P08312,b1714;JW5277;pheS,13182.76642
P0AFP6,b0710;JW0700;ybgI,21677.86703
P0A7S9,b3298;JW3260;rpsM,35073.06544
P0AEK4,b1288;envM;fabI;JW1281,23103.88482
P0A7V0,b0169;JW0164;rpsB,41834.93893
P0A9Q7,adhE;ana;b1241;JW1228,19306.25456
P15288,b0237;JW0227;pepD;pepH,15491.19399
P0AEH5,b2266;elaB;JW2261;yfbD,15945.47162
P0AET8,b1619;hdhA;hsdH;JW1611,14027.04738
P0A7J7,b3983;JW3946;relC;rplK,37421.80061
B1X6G6;C4ZUH0;P61175,ECDH10B_3490;rplV;b3315;eryB;JW3277,26170.53117
P07395,b1713;JW1703;pheT,20562.32676
P0AEU7,b0178;hlpA;JW0173;ompH;skp,27274.0881
P0A763,b2518;JW2502;ndk,49562.01621
P0AD61,b1676;JW1666;pykF,18776.80869
P23893,b0154;gsa;hemL;JW0150;popC,16225.44608
P0A7W7,b3306;JW3268;rpsH,31323.36855
P31057,b0134;JW0130;panB,32360.4724
P21367,b0897;JW0880;ycaC,10746.9886
P02930,b3035;JW5503;mtcB;mukA;refI;tolC,19783.40948
P0ABH7,b0720;gltA;gluT;icdB;JW0710,14968.28449
P0A9D8,b0166;dapD;JW0161,23293.43951
P0A7R5,b3321;JW3283;nusE;rpsJ,26732.65888
P0A7F3,b4244;JW4203;pyrI,59879.67432
P0A9J8,b2599;JW2580;pheA,8585.8472
P0AEJ2,b0593;entC;JW0585,31198.08815
P0AEZ3,b1175;JW1164;minD,16682.9919
P0A7D7,b2476;JW2461;purC,18415.12962
P0A7N1,b0296;JW5035;rpmE2;ykgM,5845.147774
P0A972,b0623;cspE;gicA;JW0618;msmC,31278.70336
P0A9C5,b3870;glnA;JW3841,36081.84502
P0A9P4,b0888;JW0871;trxB,36462.0438
P09373,b0903;JW0886;pfl;pflB,22453.51613
P28635,b0197;JW0193;metQ;yaeC,43082.29597
P0A6P1,b0170;JW0165;tsf,26075.75382
P0ABT2,b0812;dps;JW0797;pexB;vtm,31288.50792
P62399,b3308;JW3270;rplE,37432.69456
P23843,b1243;JW1235;oppA,33971.6873
P69222,b0884;infA;JW0867,22000.32789
P0A817,b2942;JW2909;metK;metX,35119.90941
P0A7Z4,b3295;JW3257;pez;phs;rpoA;sez,21020.96197
P23847,b3544;dppA;JW3513,26483.18747
P0ADY7,b3313;JW3275;rplP,39259.60963
P0A850,b0436;JW0426;tig,30332.01929
B1X785;C4ZXS5;P0AB91,aroG;ECDH10B_0821;b0754;JW0737,21225.76819
P0ADZ4,b3165;JW3134;rpsO;secC,41184.57024
P0AEM9,b1920;fliY;JW1905;yzzR,36967.52298
P23883,aldH;b1300;JW1293;puuC,27581.29743
P18843,b1740;efg;JW1729;nadE;ntrL,21020.96197
P0A9Q9,asd;b3433;hom;JW3396,27128.10919
P0A7A9,b4226;JW4185;ppa,37068.8367
P17315,b2155;cir;cirA;feuA;JW2142,42703.18658
P23869,b0525;JW0514;ppiB,20282.3523
P00895,b1264;JW1256;trpE,11708.81526
P0A7R9,b3297;JW3259;rpsK,32696.00599
P0AA25,b3781;fipA;JW5856;trxA;tsnC,25317.53504
P50457,b1302;goaG;JW1295;puuE,26228.26909
P0ABB4,atpD;b3732;JW3710;papB;uncD,40399.11659
P0A7D4,adeK;b4177;JW4135;purA,21626.66548
P0A7W1,b3303;JW3265;rpsE;spc,45315.5553
P0AG86,b3609;JW3584;secB,28027.94929
P0A7N9,b3636;JW3611;rpmG,70941.38907
B1XBY6;C5A0S4;P0A7L0,ECDH10B_4172;rplA;b3984;JW3947,40039.61631
P0A870,b0008;JW0007;talB;yaaK,28022.50232
P09372,b2614;grpE;JW2594,31598.98543
B1XBS3;C4ZYL9;P00888,aroF;ECDH10B_2768;b2601;JW2582,27594.37017
P0AB71,b2925;fba;fbaA;fda;JW2892,39048.26704
P0A9P0,b0116;JW0112;lpd;lpdA,38147.33755
P0A8E7,b0426;JW5058;yajQ,30327.66171
P0A7K6,b2606;JW2587;rplS,18981.61491
P00448,b3908;JW3879;sodA,46728.50035
P76002,b1178;JW1167;ycgK,11980.07456
P0AG63,b3311;JW3273;neaA;rpsQ,46621.73966
P60624,b3309;JW3271;rplX,46923.50202
P0AFX0,b3203;JW3170;yhbH,28510.55119
P02931,b0929;cmlB;coa;cry;JW0912;ompF;tolF,46248.07725
P30125,b0073;JW5807;leuB,13313.49379
P0A912,b0741;excC;JW0731;pal,38004.62683
P0ADI4,b0595;entB;entG;JW0587,28844.99539
P09169,b0565;JW0554;ompT,41763.03887
P00350,b2029;gnd;JW2011,35906.45245
B1XBD9;C4ZPU0;P0A6Y8,dnaK;ECDH10B_0014;b0014;groP;grpF;JW0013;seg,34590.46354
P00909,b1262;JW1254;trpC,15168.73313
P76116,b1452;JW1447;yncE,37045.95941
P05793,b3774;ilvC;JW3747,65465.00144
P60723,b3319;eryA;JW3281;rplD,69999.06257
P0ABB0,atpA;b3734;JW3712;papA;uncA,48875.69749
P0A717,b1207;JW1198;prs;prsA,42340.41812
P0AG67,b0911;JW0894;rpsA;ssyF,48203.5409
P0AG48,b3186;JW3153;rplU,48315.74857
P0AD96,b3460;JW3425;livJ,61500.69378
B1X6J0;C4ZUJ5;P0A6M8,ECDH10B_3515;fusA;b3340;far;fus;JW3302,48224.2394
P0ACF4,b0440;hopD;hupB;JW0430,59282.68597
P61517,b0126;can;cynT2;JW0122;yadF,42824.1094
P64581,b3098;JW3069;yqjD,39649.61297
P45578,b2687;JW2662;luxS;ygaG,70805.21472
P0A6F5,b4143;groEL;groL;JW4103;mopA,46474.67136
P0AF96,b4252;JW5756;yjgK,60511.5233
P23721,b0907;JW0890;pdxC;pdxF;serC,45401.61749
P02358,b4200;JW4158;rpsF,62230.58829
B1X6J1;C4ZUJ6;P02359,ECDH10B_3516;rpsG;b3341;JW3303,53927.22116
P60438,b3320;JW3282;rplC,46267.68635
P0AF93,b4243;JW5755;yjgF,42178.09829
P0A825,b2551;glyA;JW2535,43972.33152
P0AA04,b2415;hpr;JW2408;ptsH,73894.73836
P09151,b0074;JW0073;leuA,24071.2674
P00904,b1263;JW1255;trpD;trpGD,18609.04189
P0A6F9,b4142;groES;groS;JW4102;mopB,55665.89525
P0C0L2,b1482;JW1477;osmC,31500.9399
P0A953,b2323;fabB;fabC;JW2320,38784.6335
P07023,b2600;JW2581;tyrA,20113.49611
P0C0S1,b2924;JW2891;mscS;yggB,32419.29971
P0ACF8,b1237;bglY;cur;drdX;hns;hnsA;JW1225;msyA;osmZ;pilG;topS,48659.99732
P0A799,b2926;JW2893;pgk,71866.28525
P0A7R1,b4203;JW4161;rplI,62702.29623
P0A917,b0814;JW0799;ompX;ybiG,44218.53474
P0A7K2,b3986;JW3949;rplL,61895.05469
P0A7T3,b2609;JW2590;rpsP,69307.29688
P0A879,b1261;JW1253;trpB,29177.2608
P0A7J3,b3985;JW3948;rplJ,82290.70405
P25665,b3829;JW3805;metE,136697.2589
P0A9T0,b2913;JW2880;serA,52982.71587
P0AE08,ahpC;b0605;JW0598,78104.15985
P0A9Y6,b1823;cspC;JW1812;msmB,86098.13886
P0A877,b1260;JW1252;trpA,30529.19974
P69783,b2417;crr;gsr;iex;JW2410;tgs;treD,79349.3381
P0A9G6,aceA;b4015;icl;JW3975,60829.62658
P06996,b2215;JW2203;meoA;ompC;par,53269.2267
P0AG55,b3305;JW3267;rplF,73389.25918
P0AED0,b3495;JW3462;uspA,51123.11895
P0A7M6,b3312;JW3274;rpmC,194391.6073
P62707,b0755;gpm;gpmA;JW0738;pgm;pgmA,68466.2841
P63165ups,,11441.91354
P76344,b1973;JW1956;yodA,36833.52742
P0A6A8,acpP;b1094;JW1080,44191.29987
P08200,b1136;icd;icdA;icdE;JW1122,87373.82016
P0A9B2,b1779;gapA;JW1768,85746.26434
P0ACF0,b4000;hupA;JW3964,89712.75079
P39172,b1857;JW5831;yebL;yzzP;znuA,50786.49596
P61889,b3236;JW3205;mdh,116946.5313
B1XDI9;C4ZZT2;P0A6P9,ECDH10B_2946;eno;b2779;JW2750,69336.71054
P00915ups,,38779.18653
P0ABK5,b2414;cysK;cysZ;JW2407,91551.6492
P0A862,b1324;JW1317;tpx;yzzJ,148985.6322
P69776,b1677;JW1667;lpp;mlpA;mulI,161568.1421
P0A910,b0957;con;JW0940;ompA;tolG;tut,167036.904
P0CE47,b3339;JW3301;tufA,285203.5574
P00918ups,,76954.84834
P41159ups,,0
P62988ups,,0
P69905ups,,0
P68871ups,,0
P01031ups,,0
P00167ups,,0
P0ACW2,b4529;JW5215;ydbJ,0
P62937ups,,0
Q06830ups,,0
P32705,actP;b4067;JW4028;yjcG,7846.366013
P04040ups,,0
P0AG51,b3302;JW3264;rpmD,5929.140113
P76038,b1298;JW1291;puuD;ycjL,5328.447823
P02144ups,,0
P0AD12,b2016;JW1998;yeeZ,0
P0ACC3,b0156;erpA;JW0152;yadR,3786.51843
P0A7N4,b1089;JW1075;rpmF,3597.617372
Q47270,b0548;JW0536;ninE,0
P75898,b1012;JW0997;rutA;ycdM,0
P15559ups,,0
P0ADU2,b3029;JW2997;ygiN,1888.792696
P0AGK8,b2531;iscR;JW2515;yfhP,1720.699079
P33014,b2012;JW1994;yeeD,1657.078423
P24077,b0591;entS;JW0583;ybdA,1590.080643
P76256,b1807;JW1796;yeaZ,1480.378587
P00709ups,,0
Q46871,b3070;JW3041;yqjH,1420.679753
B1XBP9;C4ZYJ5;P0AFX7,ECDH10B_2740;rseA;b2572;JW2556;mclA;yfiJ,1304.768146
P0AB12,b0961;JW0944;yccF,0
P0AEG1,b3542;dppC;JW3511,959.8548602
P0AE48,b4222;JW4181;ytfP,909.0890628
P68191,b1480;JW5962;rpsV;sra,899.7202675
P0AAT9,b0643;JW0638;ybeL,0
Q15843ups,,0
P39405,b4367;fhuF;JW4331;yjjS,825.521588
P63417,b3156;JW3125;yhbS,0
P0AFS7,b1688;JW1678;ydiK,703.487583
P76008,b1192;JW1181;ldcA;ycgQ,0
P0ACN7,b3934;cytR;JW3905,675.2068941
P0AFZ1,b2522;JW5404;sseB,0
P08189,b4318;fimF;JW4281,637.8951224
P02753ups,,0
P0A6V5,b3425;glpE;JW3388,598.8621069
P0AB18,b0969;JW0952;tusE;yccK,558.1732113
P52061,b2954;JW2921;rdgB;yggV,522.223183
P0ABF4,b2457;cchA;eutM;JW2441;yffZ,0
P22729,b3456;JW3421;livM,492.9402509
P32664,b3996;JW5548;nudC;yjaD,448.7108222
P0A9E5,b1334;fnr;JW1328;nirR,436.4442369
P06732ups,,0
P0AB98,atpB;b3738;JW3716;papD;uncB,429.2542312
P0A9J6,b3752;JW3731;rbsK,409.7976402
P0AAF6,artP;b0864;JW0848,401.9104218
P0AC51,b4046;JW5714;yjbK;zur,389.5784728
P0AGM7,b2497;JW2482;uraA,362.0930421
P0ACB4,b3850;hemG;JW3827;yihB,360.0014041
P0A6R3,b3261;fis;JW3229,346.8741968
P16083ups,,0
P0AD21,b2181;JW2169;yejG,334.05202
P0A7A5,b2743;JW2713;pcm,331.9494881
P12081ups,,0
P32680,b3999;JW3963;yjaG,326.6550294
P0A6T9,b2904;gcvH;JW2872,312.6236244
P30014,b1652;JW1644;rnt,0
P07000,b3825;JW5584;pldB,294.4089434
P60720,b0630;JW5089;lipB,0
P31142,b2521;JW2505;sseA,0
P39196,b2835;JW2803;lplT;ygeD,269.2439237
P0AFH6,b1245;JW1237;oppC,0
P0C0L9,b2524;iscX;JW2508;yfhJ,266.7056338
P20605,b3361;fic;JW3324,261.1497203
Q46919,b2792;JW2763;yqcC,0
P76491,b2291;JW2288;yfbR,245.8328295
P04951,b0918;JW0901;kdsB,244.6018134
P31460,b4479;dgoR;JW5627;yidW,237.5207472
P0A8Q6,b0881;clpS;JW0865;yljA,237.0740954
P77475,b2690;JW2665;yqaB,0
P17115,b2708;gutQ;JW5431;srlQ,226.5287537
P37351,b4090;JW4051;rpiB;yjcA,222.9337509
P0AD07,b1915;JW1900;yecF,209.4143615
P37147,b4140;fxsA;JW4100;yjeG,0
P0AB96,arsC;arsG;b3503;JW3470,208.1724514
P37182,b2993;hybD;JW2961,0
P39361,b4300;JW4262;sgcR;yjhJ,204.8606913
P15082,b2707;gutR;JW2676;srlR,198.9017017
P0AAV4,b0711;JW0701;ybgJ,0
P06968,b3640;dnaS;dut;JW3615;sof,193.4983035
P0AE67,b1882;cheY;JW1871,192.9536061
P61626ups,,0
P07117,b1015;JW1001;putP,0
P0AFV4,b2175;JW2163;spr;yeiV,0
P52119,b2618;JW2599;yfjF,0
P51020,b0352;JW0343;mhpE,0
P39274,b4127;JW4088;yjdJ,0
P36553,b2436;hemF;JW2429,170.9696192
P0AC23,b0904;focA;JW0887;ycaE,167.864844
P76291,b1871;cmoB;JW1860;yecP,0
P0AGF2,b2811;JW2782;ygdK,0
P77304,b1634;JW1626;tppB;ydgR,153.8770148
P27859,b4483;JW5931;mttC;tatD;yigW;yigX,152.78762
P77182,b2324;JW5380;mnmC;yfcK,0
P0A6X1,b1210;hemA;JW1201,140.6299741
P0AFE8,b2277;JW2272;nuoM,0
P37647,b3526;JW5668;kdgK;yhjI,137.6886082
Q46927,b2812;JW2783;ygdL,136.5011679
P0ADQ7,b2672;JW2647;ygaM,0
P29208,b2261;JW2256;menC,0
P0A6W0,b1524;glsA2;JW1517;yneH,129.8340717
P0AFB1,b3163;JW3132;nlpI;yhbM,129.3656319
P0A986,b1552;cspI;cspJ;JW1544,0
P21866;P39901,b0694;JW5096;kdpE;b0691.1;b4636;ybfI,0
P75867,b0955;JW0938;ycbZ,0
P0ABG7,b0634;JW0629;mrdB;rodA,113.3733163
P0AFA7,b1186;JW1175;nhaB,0
P0ABN1,b4042;dgkA;JW4002,107.9067333
P24252,b0707;JW0697;ybgA,0
P16095,b1814;JW1803;sdaA,105.2453418
B1XEN4;C4ZRC6;P0AF90,ECDH10B_4448;rraB;b4255;JW4212;yjgD,104.5459503
P26281,b0142;folK;JW0138,104.2191319
P0AER8,b3653;gltC;gltS;JW3628,101.2341901
P0AAV6,b0753;JW0736;ybgS,0
P0AEX3,b2587;JW2571;kgtP;witA,0
P37767,b2561;JW2545;yfhH,0
P0A8D3,b0387;JW0378;yaiI,0
P0A6K1,b3809;dapF;JW5592,0
P0A6S5,b2748;ftsB;JW2718;ygbQ,94.58561371
P23200,b2148;JW2135;mglC,94.41022115
P65294,b2833;JW2801;ygdR,0
P0AG96,b3981;JW3944;prlG;secE,92.5157636
P77570,anmK;b1640;JW1632;ydhH,0
P0AGG0,b0417;JW0407;thiL,0
P76350,b1981;JW1962;shiA;yeeM,90.04174802
P24193,b2730;hypE;JW2700,88.81835766
P0AB01,b0920;JW0903;ycbC,88.17561473
P0A9J4,apbA;b0425;JW0415;panE,0
P0ACS5,b3292;JW3254;yhdM;zntR,84.74511052
P0AAI1,b0933;JW0916;ssuB;ycbE,0
P00892,b3767;b4488;ilvG,0
P37195,b3507;dctR;JW3475;yhiF,83.44873072
P0ACV6,b1326;JW1319;mpaA;ycjI,82.87026208
P0ACK2,agaR;b3131;JW3100;yhaW,82.56632093
P0AFB5,b3869;glnL;glnR;JW3840;ntrB,0
P0ADS2,b2910;JW2878;ygfE;zapA,0
P0AAN5,b0389;JW0380;yaiA,0
P08190,b4319;fimG;JW4282,0
P0ACM2,b1540;JW1533;ydfH,0
P51025,b0355;frmB;JW0346;yaiM,76.97990442
P31992,b1461;JW1456;pptA;ydcE,0
P0AD27,b2188;JW2176;yejM;yejN,76.06045521
Q47690,b0261;JW0253;mmuM;yagD,76.01796882
P75687,b0303;JW5039;ykgI,75.96349908
P42630,b4471;JW5520;tdcG;yhaP;yhaQ,75.78048075
P15286,b2321;div;flk;JW2318,74.44706152
P26459,appC;b0978;cbdA;cyxA;JW0960,0
P28631,b1099;holB;JW1085,72.79336022
O76070ups,,0
P64636,b3399;JW5865;yrfG,67.98259281
P43531,b1596;JW1588;ynfM;yzyC,66.04673826
P11071,aceK;b4016;JW3976,65.85718356
P0AE72,b2783;chpAI;chpR;JW2754;mazE,65.66653947
P75782,b0807;JW5107;rlmF;ybiN,0
P0A761,b3223;JW3192;nanE;yhcJ,0
P37657,b3536;JW3504;yhjS,0
P0AA97,b0190;JW0186;yaeQ,60.03763657
P0AEQ1,b2977;glcG;JW2944;yghC,0
P0A8Z3,b0736;JW0726;ybgC,0
P68567,b3497;JW5672;yhiQ,56.19534112
P24224,acpS;b2563;dpj;JW2547,0
P0AC28,b2912;JW2879;ygfA,0
P69822,b4194;JW4152;sgaB;ulaB;yjfT,0
P21514,b0315;JW0307;yahA,0
P52062,b2955;JW2922;yggW,49.47268584
P10599ups,,0
P37691,b3614;JW5645;yibQ,0
P64490,b1810;JW5296;yoaC,0
P0AAQ2,b0410;JW0400;yajD,48.87025052
P39298,b4190;JW4148;yjfP,0
P75746,b0713;JW0703;ybgL,0
P67430,b1649;JW5874;nemR;ydhM,0
P28634,b0195;JW0191;yaeB,0
Q46822,b2889;idi;JW2857;ygfV,0
P0ACZ8,b0571;cusR;JW0560;ylcA,45.07262026
Q46800,b2867;JW2835;xdhB;ygeT,0
P0AAA9,b4002;JW5546;yjaI;zra;zraP,0
P50465,b0714;JW0704;nei,0
P37671,b3574;JW3546;yiaJ,0
P37325,b0567;JW0556;ybcH,0
P03819,b0047;JW0046;kefC;trkC,0
P0AC94,b4321;gntP;JW4284;yjiB,37.52311433
P45565,ais;b2252;JW2246;pmrG,0
P0AFW2,b0953;JW0936;rmf,36.27139971
P0A7Q1,b1717;JW1707;rpmI,36.24743302
P76541,b2439;eutL;JW2432;yffJ,0
P21420,b0553;nmpC;phmA,0
P64467,b1625;cnu;JW1617;ydgT,0
P0A776,b2830;JW2798;nudH;rppH;ygdP,0
P67662,aaeR;b3243;JW3212;yhcS,0
P0A8Q0,b4152;frdC;JW4113,0
P0AD57,b3187;cel;ispB;JW3154;yhbD,0
P36548,amiA;b2435;JW2428;yfeE,0
P52067,b0479;fsr;JW0468,32.63717867
P0AD44,b2555;JW2539;yfhG,0
P0ADM8,b3712;JW3690;yieE,0
P0AE45,b4218;JW4177;ytfL,0
P0ADM4,b3688;JW5633;yidQ,0
P36928,b2069;JW2054;yegD,0
P38134,b0981;etk;JW0964;yccC,0
P63204,b3512;gadE;JW3480;yhiE;yhiT,0
P77399,b2341;fadJ;JW2338;yfcX,0
P76446,b2176;JW2164;rtn,0
P69931,b2496;hda;JW5397;yfgE,28.21859338
P0AAU2,b0699;JW0688;ybfA,0
P0AA78,b3093;exuT;JW3064,0
P0ACI6,asnC;b3743;JW3721,0
P0AEB0,b2423;cysW;JW2416,0
P0ABG4,b0089;ftsW;JW0087,25.07895758
P77300,b0272;JW0265;yagI,24.83384375
P75672,b0213;JW0203;yafS,24.61051782
P37748,b2035;JW2020;rfc;yefF,0
P0A9A2,b1902;ftnB;JW1890;yecI,0
P0AAG8,b2149;JW2136;mglA,24.33054336
P69423,b3839;JW3815;mttB;tatC;yigU;yigV,0
P37794,b1733;chbG;JW1722;ydjC,0
P03024,b2837;galR;JW2805,23.57123519
B1XEZ1;C4ZTG0;P21517,ECDH10B_0359;malZ;b0403;JW0393,23.47754723
P76641,b2883;guaD;JW5466;ygfP,0
Q46855,b3010;JW5849;yqhC,23.05595145
P77368,b0545;JW0533;ybcL,0
P76506,b2346;JW2343;mlaA;vacJ,0
P32053,b2622;intA;intX;JW2602;slpA,0
P24228,b3182;dacB;JW3149,0
P60872,b3685;JW3662;yibE;yidE,0
P33029,b2172;JW2160;yeiQ,0
B1X6M8;C4ZWH3;P03960,ECDH10B_0763;kdpB;b0697;JW0685,19.77687311
P77307,b0491;JW5066;ybbM,19.71586701
P0AD53,b2671;JW2646;ygaC,0
P0AGH8,b3727;JW3705;phoW;pstC,19.35309854
P27294,b2237;inaA;JW2231;yfaG,19.08401802
Q46891,b2739;JW2709;ygbM,0
P0A9K1,b1020;JW1005;phoH;psiH,0
P16528,b4018;iclR;JW3978,0
P04395,aidA;alkA;b2068;JW2053,0
P37024,b0148;hrpB;JW0144;yadO,16.85620567
P76141,b1512;JW1505;lsrR;ydeW,0
P0A8R7,b1322;JW1315;ycjF,16.75162377
P46139,b2604;JW2585;yfiN,16.74181921
P0AF56,b4078;JW4039;yjcO,16.59366152
Q46861,b4469;JW5501;ygiQ;ygiR,15.92477312
P64638,b3410;feoC;JW3373;yhgG,0
P76176,b1598;JW1590;ydgD,0
P33919,b2184;JW2172;yejH;yejI;yejJ,14.92906628
P0ACV2,b2378;ddg;JW2375,14.38763706
P0AGC7,b4387;JW4350;smp;ytjB,0
P08401,b4399;creC;JW4362;phoM,0
P13518,b3252;JW3221;yhdA,0
P0ABC9,b0314;betT;JW0306,0
P39835,b3415;gntM;gntT;JW5690;usgA;yhgC,0
P32177,b3895;fdhD;JW3866,0
Q46835,b2971;JW2938;yghG,0
P15028,b4290;fecB;JW4250,0
P33667,b0503;JW0491;selU;ybbB,0
P21693,b1343;dbpA;JW1337,0
P76185,b1644;JW1636;ydhJ,12.33194908
P75785,b0815;JW0800;ybiP,12.16745047
P39374,b4325;JW4288;yjiC,0
P0AFI0,b2373;JW2370;oxc;yfdU,11.9506609
P76389,b2063;JW5336;yegH,0
P76129,b1489;dos;dosP;JW1484;yddU,11.31009677
P0ACM9,b3872;JW3843;yihL,0
P0A710,b1254;ispZ;JW1246;yciB,0
P37650,b3530;bcsC;JW5942;yhjL,0
P77726,b0427;JW5059;yajR,9.628615898
P76251,b1800;JW1789;yeaU,0
P07021,b2605;JW2586;yfiB,0
P0AFA2,b1222;JW1213;narR;narX,8.987071304
P39410,b4385;JW4348;yjjJ,0
P76399,b2076;JW2061;mdtC;yegO,0
P0ACR4,b2157;JW2144;yeiE,0
P06396ups,,0
P23886,b0886;cydC;JW0869;mdrA;mdrH;surB,0
P52598,b2735;JW2705;ygbI,0
P01008ups;CON__P41361,,0
P0AEE8,b3387;dam;JW3350,0
P0C0T5,b2328;JW2325;mepA,0
Q46863,b3020;JW2988;ygiS,0
P0AE85,b4484;cpxP;JW5558;yiiO,0
P42593,b3081;fadH;JW3052;ygjL,0
P0AGB3,b3461;fam;hin;htpR;JW3426;rpoH,0
P31463,b3711;JW3689;yidZ,0
P24177,acrD;b2470;JW2454;yffA,4.425557417
P0A9S1,b2799;fucO;JW2770,0
P23890,b4133;cadC;JW4094,0
P0ACE0,b2994;hybC;JW2962,0
P0AE30,artM;b0861;JW0845,0
P76559,b2466;JW2450;ypfG,0
P28629,adi;adiA;b4117;JW5731,0
P65292,b2809;JW5448;ygdI,3.702417151
P76104,b1435;JW1431;ydcP,0
P76398,b2075;JW2060;mdtB;yegN,0
P46068,b2364;dsdC;JW2361,0
P08400,b0400;JW0390;nmpB;phoR,0
B1XDY4;C4ZT98;P02932,ECDH10B_0223;phoE;b0241;JW0231;ompE,0
P0AAJ5,b3893;fdoH;JW3864,0
P0ACW6,b1426;JW5823;ydcH,0
P76407,b2086;JW2070;yegS,0
P0ADK6,b3594;JW3568;yibA,0
P46144,b1962;JW1945;yedJ,0
P32134,b3873;JW3844;yihM,0
P14407,b4122;fumB;JW4083,0
P69922,b2802;fucI;JW2773,0
P77730,b1439;JW1434;ydcR,0
P02787ups,,0
P17444,b0311;betA;JW0303,0
P0A9H3,b4131;cadA;JW4092;ldcI,0
B1XA45;C4ZS75;P75966,ECDH10B_1207;rluE;b1135;JW1121;ymfC,0
P05523,b3635;fpg;JW3610;mutM,0
P05804,b1617;gurA;gusA;JW1609;uidA,0
P05827,b3773;ilvY;JW3746,0
P06282,b3918;cdh;JW3889,0
P06611,b1709;btuD;JW1699,0
P06722,b2831;JW2799;mutH;mutR;prv,0
P06993,b3418;JW3381;malA;malT,0
P07339ups,,0
P08194,b2240;glpT;JW2234,0
P08337,b0099;JW0097;mutT,0
P09126,b3804;hemD;JW3776,0
P09833,b0765;chlD;JW0748;modC;narD,0
P0A6E1,aroL;b0388;JW0379,0
P0A6E9,b1593;JW5264;ynfK,0
P0A744,b4219;JW4178;msrA;pms,0
P0A772,b2674;JW2649;nrdI;ygaO,0
P0A790,b0131;JW0127;panD,0
P0A7H0,b3700;JW3677;recF;uvrF,0
P0A8L7,b1248;JW1240;yciU,0
P0A9C0,b2241;glpA;JW2235,0
P0A9I3,b2479;gcvR;JW2464;yffD,0
P0A9V5,b3555;JW3524;yiaG,0
P0AA37,b0058;JW0057;rluA;yabO,0
P0AA60,b3009;JW2976;yghB,0
P0AA86,b2195;ccmG;dsbE;JW2183;yejQ,0
P0AAD4,b1907;JW1895;tyrP,0
P0AAD8,b3116;JW3087;tdcC,0
P0AAG5,b0449;JW5061;mdl;mdlB,0
P0AAS0,b0458;JW5063;ylaC,0
P0AAU7,b0685;JW5816;ybfE,0
P0AAY6,b0853;JW0837;ybjN,0
P0AB06,b0926;JW0909;ycbK,0
P0AB52,b1219;JW1210;ychN,0
P0AB65,b0968;JW5131;yccX,0
P0ABI4,b3816;corA;JW3789,0
P0ABJ6,b0429;cyoD;JW0419,0
P0ABM9,b2194;ccmH;JW2182;yejP,0
P0ABP6,b2317;dedA;JW2314,0
P0ABS8,b1842;holE;JW1831,0
P0ACJ5,b0447;JW0437;ybaO,0
P0ACK8,b2805;fucR;JW2776,0
P0ACP5,b3438;gntR;JW5946,0
P0ACR2,b1659;JW1651;ydhB,0
P0AD05,b1908;JW1896;yecA,0
P0AD14,b2126;JW5353;yehU,0
P0AD30,b2327;JW2324;yfcA,0
P0ADN0,b3745;JW5610;viaA;yieD;yieM,0
P0ADW8,b4551;JW3312;yheV,0
P0ADX9,b3465;JW3430;rsmD;yhhF,0
P0AE37,astA;b1747;JW1736;ydjV,0
P0AE98,b1038;csgF;JW1021,0
P0AEA5,b0428;cyoE;JW0418,0
P0AF10,b3601;JW3575;mtlR,0
P0AFC0,b1865;JW1854;ntpA;nudB,0
P0AFF4,b2964;JW2932;nupG,0
P0AFI9,b2493;JW2478;perM;yfgO,0
P0AFM9,b1305;JW1298;pspB,0
P0AFR0,b1234;JW1222;rssA;ychK,0
P0AFY2,b2144;JW2132;sanA;yeiF,0
P0AFY6,b0377;JW0368;sbmA,0
P0AFZ7,b3849;JW5576;trkH,0
P0AGC5,b2558;JW2542;mltF;yfhD,0
P0AGH5,b1292;JW1285;sapC,0
P0AGM0,b3474;JW5680;yhhT,0
P0C058,b3686;hslS;htpE;ibpB;JW3663,0
P0CE48,b3980;JW3943;tufB,0
P0CF40;P0CF41;P0CF42;P0CF43;P0CF44;P0CF45,b0360;insC1;JW0351;b1403;insC2;JW1400;b1997;insC3;JW1978;b2861;insC4;JW2829;b3044;insC5;JW3012;b4272;insC6;JW4229,0
P10423,b2753;iap;JW2723,0
P11289,b2602;JW5412;yfiL,0
P12281,b0827;bisB;chlE;JW0811;moeA;narE,0
P12282,b0826;chlN;JW0810;moeB,0
P15993,aroP;b0112;JW0108,0
P17109,b2264;JW5374;menD,0
P19318;P11349,b1467;JW1462;narY;b1225;JW1216;narH,0
P21189,b0060;dinA;JW0059;polB,0
P23173,b3709;JW5619/JW5622;tnaB;trpP,0
P23522,b3126;garL;JW3095;yhaF,0
P23857,b1308;JW1301;pspE,0
P23862,b0467;JW0456;priC,0
P23898,b1708;JW1698;nlpC,0
P24169,b0693;JW0680;speF,0
P25743,b1242;JW1229;ychE,0
P27305,b0144;gluQ;JW5892;yadB,0
P27835,b3793;JW3769;wzy;wzyE,0
P27837,b3795;JW5595;yifK,0
P27843,b3818;JW5590;yigG,0
P27896,b2469;JW2453;narQ,0
P28722,b3215;JW3182;yhcA,0
P30139,b3991;JW5549;thiG,0
P30744,b2797;JW2768;sdaB,0
P31064,b1929;JW1914;yedE,0
P31455,b3689;JW5860;yidR,0
P31470,b3718;JW5613;yieK,0
P31551,b0036;caiD;JW0035;yaaL,0
P31801,b1216;chaA;JW1207,0
P32137,b3877;JW3848;yihP,0
P32144,b3884;JW5567;yihW,0
P32669,b3946;fsaB;JW3918;talC;yijG,0
P32703,b4065;JW4026;yjcE,0
P33228,b1349;JW1343;recT,0
P33231,b3603;JW3578;lctP;lldP,0
P33355,b2124;JW2112;yehS,0
P33358,b2127;JW2115;mlrA;yehV,0
P33596,b2698;JW2668;oraA;recX,0
P33607,b2278;JW2273;nuoL,0
P34209,b1414;JW1411;ydcF,0
P37013,b2709;JW5843;norR;ygaA,0
P37019,b0155;clcA;eriC;JW5012;yadQ,0
P37028,b0158;btuF;JW0154;yadT,0
P37052,b1233;JW1221;ychJ,0
P37615,b3467;JW3432;yhhM,0
P37766,b1694;JW1684;ydiF,0
P37769,b2842;JW2810;kduD;ygeC;yqeD,0
P37908,b2612/b2613;b4461;JW5415;yfjD;ypjE,0
P39165,b1220;JW1211;ychO;ychP,0
P39280,b4146;JW4106;yjeK,0
P39332,b4248;JW4206;yjgH,0
P39336,b4253;JW5757;yjgL,0
P39359,b4298;JW5775;yjhH,0
P39365,b4304;JW4266;sgcC;yjhN,0
P39829,b3128;garD;JW3097;yhaG,0
P39836,b2410;JW5876;yfeH,0
P42603,b3090;JW3061;ygjV,0
P45748,b3282;JW3243;rimN;yrdC,0
P46187,b2570;JW2554;rseC,0
P46854,b3441;JW3405;yhhY,0
P52086,b0638;cobC;JW0633;phpB,0
P52094,b2308;hisQ;JW2305,0
P60061,adiC;aniC;b4115;JW4076;yjdD;yjdE,0
P61769ups,,0
P61887,b3789;JW3763;rffH;rmlA2;yifG,0
P62723,b2158;JW2145;yeiH,0
P63284-2,,0
P64423,b1342;JW1336;ydaN;zntB,0
P64499,b1825;JW1814;yebO,0
P64517,b1957;JW1940;yodC,0
P64545,b2504;JW5399;yfgG,0
P64585,b3099;JW3070;yqjE,0
P64590,b3103;JW3074;yhaH,0
P64594,b3130;JW3099;yhaV,0
P65807,b2872;JW2840;ygeY,0
P66817,b3149;diaA;JW3118;yraO,0
P67338,b1811;JW1800;yoaH,0
P69801,b1818;JW1807;manY;pel;ptsP,0
P75683,b0270;JW0263;yagG,0
P75858,b0941;JW0924;ycbT,0
P75952,b1111;JW5159;ycfQ,0
P76027,b1246;JW1238;oppD,0
P76053,b1340;JW1334;ydaL,0
P76086,b1399;JW1394;paaX;ydbY,0
P76097,b1423;JW1419;ydcJ,0
P76114,b1450;JW1445;mcbR;yncC,0
P76147,b1522;JW5825;yneF,0
P76172,b1586;JW5259;ynfD,0
P76206,b1722;JW1711;ydiY,0
P76208,b1726;JW1715;yniB,0
P76217,astD;b1746;JW5282;ydjU,0
P76234,b1781;JW1770;yeaE,0
P76335,b1964/b1965/b1966;b4496;JW5319/JW1948/JW1949;yedS,0
P76339,b1968;JW1951;yedV,0
P76346,b1976;JW1958;mtfA;yeeI,0
P76373,b2028;JW2010;pmrE;udg;ugd;yefA,0
P76469,b2245;JW2239;yfaU,0
P76471,b2250;JW5371;yfaZ,0
P76483,b2272;JW2267;yfbM,0
P76513,b2360;JW2357;yfdQ,0
P76539,b2434;JW2427;ypeA,0
P76562,b2474;JW2459;ypfI,0
P76621,b2659;csiD;gab;JW5427;ygaT,0
P76630,b2682;JW2657;ygaZ,0
P76938,b2326;JW5381;yfcM,0
P77161,b0509;glxB1;glxR;JW0497;ybbQ,0
P77181,b1400;JW1395;paaY;ydbZ,0
P77215,b2247;JW2241;yfaW,0
P77223,b1628;JW1620;rnfB;ydgM,0
P77260,b1542;JW1535;ydfI,0
P77433,b0308;JW5042;ykgG,0
P77489,b0284;JW0278;yagR,0
P77519,b1472;JW1468;yddL,0
P77544,b2301;JW2298;yfcF,0
P77561,b1501;JW1495;ydeP,0
P77626,b1434;JW1430;ydcN,0
P77634,b0546;JW0534;ybcM,0
P77650,b2542;hcaA4;hcaD;JW2526;phdA;yfhY,0
P77736,b0318;JW0310;yahD,0
P77739,b1725;JW1714;yniA,0
P77744,abgR;b1339;JW1333,0
P77747,b1377;JW1371;ompN;ynaG,0
Q46865,b3022;JW2990;mqsR;ygiU,0
Q46938,b2843;JW2811;kduI;yqeE,0
Q46939,b2844;JW5453;yqeF,0
Q47083,b1987;cbl;JW1966,0
Q47537,b0365;JW0357;ssiA;tauA;yaiR,0
Q6BF17,b4478;dgoD;JW5629;yidU,0