experiment name,type of perturbation,strain type (background),growth media,inducer or drug added,concentration ,growth rate (1/hours),cell size (μm3),cel length (μm),cel width (μm),aspect ratio,surface area (μm2),surface-to-volume ratio (μm-1),DNA content per cell (genome equivalents),doubling time (minutes),C period (minutes),D period (minutes),C+D period (minutes),number of origins,time of initiation (minutes),time of termination (minutes),cell size per ori (μm3),intensity of transcription reporter (AU),RNA/protein
DnaA_20160315,DnaA knockdown,tCRISPRi DnaA (MG1655),MOPS glucose + 6 a. a.,arabinose,0%,0.77169,1.4379,3.0629,0.8343,3.7122,7.9919,5.6471,2.4721,53.893,40.2942,49.3554,89.6520,3.1678,18.137,4.538,0.45392,NaN,0.2138
DnaA_20160315,DnaA knockdown,tCRISPRi DnaA (MG1655),MOPS glucose + 6 a. a.,arabinose,0.003125%,0.76637,1.2804,2.8407,0.8227,3.49,7.3038,5.7793,1.9443,54.267,47.3352,27.1992,74.5320,2.5909,34,27.068,0.49418,NaN,0.24898
DnaA_20160315,DnaA knockdown,tCRISPRi DnaA (MG1655),MOPS glucose + 6 a. a.,arabinose,0.00625%,0.76876,1.3005,2.878,0.8222,3.5376,7.399,5.7743,2.107,54.099,43.3968,35.4654,78.8640,2.7468,29.335,18.634,0.47346,NaN,0.18341
DnaA_20160315,DnaA knockdown,tCRISPRi DnaA (MG1655),MOPS glucose + 6 a. a.,arabinose,0.0125%,0.76348,1.3149,2.947,0.8129,3.6625,7.5016,5.8155,2.0827,54.472,46.1940,33.4314,79.6260,2.7544,29.319,21.041,0.47738,NaN,0.23775
DnaA_20160315,DnaA knockdown,tCRISPRi DnaA (MG1655),MOPS glucose + 6 a. a.,arabinose,0.025%,0.71349,1.5055,3.2714,0.8166,4.0434,8.3852,5.7244,2.0295,58.29,53.5512,31.3296,84.8820,2.7438,31.699,26.96,0.54869,NaN,0.22604
DnaA_20160315,DnaA knockdown,tCRISPRi DnaA (MG1655),MOPS glucose + 6 a. a.,arabinose,0.5%,0.63892,1.8411,3.6568,0.8463,4.3474,9.7468,5.4872,1.5962,65.093,42.2928,21.9756,64.2660,1.9825,0.82426,43.117,0.92867,NaN,0.20197
DnaA_20160331,DnaA knockdown,tCRISPRi DnaA-msGFP (MG1655),MOPS glucose + 6 a. a.,arabinose,0%,0.74266,1.4486,2.9997,0.84878,3.4526,8.4579,5.3542,2.3406,56,44.1642,45.6198,89.7840,3.0383,22.216,10.38,0.47677,54449,0.23713
DnaA_20160331,DnaA knockdown,tCRISPRi DnaA-msGFP (MG1655),MOPS glucose + 6 a. a.,arabinose,0.01%,0.7733,1.517,3.0752,0.85525,3.5672,8.6857,5.3512,2.1433,53.781,55.5078,29.7486,85.2540,3.0006,22.306,24.032,0.50557,49093,0.23671
DnaA_20160331,DnaA knockdown,tCRISPRi DnaA-msGFP (MG1655),MOPS glucose + 6 a. a.,arabinose,0.02%,0.73998,1.4858,3.0719,0.84533,3.4895,8.6703,5.3448,1.813,56.203,57.6678,17.7078,75.3780,2.5335,37.03,38.495,0.58646,46888,0.2057
DnaA_20160331,DnaA knockdown,tCRISPRi DnaA-msGFP (MG1655),MOPS glucose + 6 a. a.,arabinose,0.03%,0.73196,1.5238,3.2594,0.82532,3.7681,9.2182,5.3179,1.9968,56.818,47.3208,31.8918,79.2120,2.6283,34.424,24.927,0.57976,42357,0.20527
DnaA_20160331,DnaA knockdown,tCRISPRi DnaA-msGFP (MG1655),MOPS glucose + 6 a. a.,arabinose,0.04%,0.70263,1.5595,3.3619,0.81744,3.9386,9.8646,5.2369,1.7844,59.19,43.9140,26.5536,70.4700,2.2824,47.912,32.636,0.68328,41667,0.19319
DnaA_20160331,DnaA knockdown,tCRISPRi DnaA-msGFP (MG1655),MOPS glucose + 6 a. a.,arabinose,0.05%,0.64731,1.8929,3.679,0.85522,4.337,10.897,5.1882,1.9171,64.249,61.0320,28.1388,89.1720,2.617,39.324,36.109,0.7233,37286,0.19207
DnaA_20160331,DnaA knockdown,tCRISPRi DnaA-msGFP (MG1655),MOPS glucose + 6 a. a.,arabinose,0.06%,0.55649,1.8856,3.799,0.83679,4.4406,11.419,5.1339,1.7542,74.734,47.7792,35.8248,83.6040,2.1715,65.864,38.909,0.86834,37688,0.17792
DnaA_20160726,DnaA knockdown,tCRISPRi DnaA-msGFP (MG1655),MOPS glucose + 6 a. a.,arabinose,0%,0.73853,1.5279,3.0164,0.86917,3.5021,8.2129,5.4629,2.3191,56.313,64.1400,34.1724,98.3100,3.3537,14.317,22.141,0.45558,45833,0.25941
DnaA_20160726,DnaA knockdown,tCRISPRi DnaA-msGFP (MG1655),MOPS glucose + 6 a. a.,arabinose,0.01%,0.74556,1.6417,3.1646,0.87658,3.6436,8.6901,5.3893,2.1014,55.782,58.6830,28.6452,87.3300,2.9599,24.235,27.137,0.55465,37342,0.2078
DnaA_20160726,DnaA knockdown,tCRISPRi DnaA-msGFP (MG1655),MOPS glucose + 6 a. a.,arabinose,0.02%,0.66894,1.6373,3.1782,0.87064,3.6799,8.6846,5.4298,2.562,62.171,57.2952,54.2160,111.5100,3.4668,12.832,7.9554,0.47228,33585,0.24129
DnaA_20160726,DnaA knockdown,tCRISPRi DnaA-msGFP (MG1655),MOPS glucose + 6 a. a.,arabinose,0.03%,0.60145,2.0959,3.7893,0.88612,4.2963,10.591,5.2485,2.0075,69.148,49.6728,43.6566,93.3300,2.5486,44.967,25.492,0.82237,27536,0.21548
DnaA_20160726,DnaA knockdown,tCRISPRi DnaA-msGFP (MG1655),MOPS glucose + 6 a. a.,arabinose,0.04%,0.55029,2.3153,4.069,0.89444,4.5652,11.49,5.1791,1.9154,75.576,54.3108,42.5832,96.8940,2.4319,54.258,32.993,0.95206,23782,0.18182
DnaA_20160726,DnaA knockdown,tCRISPRi DnaA-msGFP (MG1655),MOPS glucose + 6 a. a.,arabinose,0.05%,0.50214,2.3064,4.0477,0.89164,4.558,11.422,5.193,2.0626,82.823,57.9990,56.3358,114.3360,2.6035,51.312,26.488,0.88588,25809,0.17813
DnaA_20161012,DnaA knockdown,tCRISPRi DnaA-msGFP (MG1655),MOPS glucose + 6 a. a. + 0.2mM uracil,arabinose,0%,1.0621,1.3085,3.1169,0.78495,3.9977,7.6547,5.8999,2.8085,39.155,45.3828,34.131,79.512,4.0861,37.9520,5.0243,0.32023,27213,NaN
DnaA_20161012,DnaA knockdown,tCRISPRi DnaA-msGFP (MG1655),MOPS glucose + 6 a. a. + 0.2mM uracil,arabinose,0.04%,1.0193,1.4395,3.3653,0.78745,4.2998,8.2982,5.8293,2.2929,40.803,36.4272,29.6982,66.126,3.0750,15.4800,11.104,0.46812,23696,NaN
DnaA_20161012,DnaA knockdown,tCRISPRi DnaA-msGFP (MG1655),MOPS glucose + 6 a. a. + 0.2mM uracil,arabinose,0.06%,0.88794,1.502,3.5532,0.77808,4.5904,8.6694,5.8597,2.6156,46.837,38.2638,44.9376,83.202,3.4257,10.4730,1.8997,0.43845,20076,NaN
DnaA_20161012,DnaA knockdown,tCRISPRi DnaA-msGFP (MG1655),MOPS glucose + 6 a. a. + 0.2mM uracil,arabinose,0.08%,0.83691,1.7421,3.9094,0.79417,4.9378,9.7501,5.6905,2.5894,49.693,38.9328,47.8644,86.796,3.3558,12.5890,1.8287,0.51913,17956,NaN
DnaA_20161013,DnaA knockdown,tCRISPRi DnaA-msGFP (MG1655),MOPS glucose + 6 a. a. + 0.2mM uracil,arabinose,0%,1.075,1.33,3.1699,0.78261,4.0742,7.7698,5.8927,2.6536,38.687,39.9702,33.2964,73.266,3.7162,4.1070,5.3904,0.35789,26711,NaN
DnaA_20161013,DnaA knockdown,tCRISPRi DnaA-msGFP (MG1655),MOPS glucose + 6 a. a. + 0.2mM uracil,arabinose,0.04%,0.9761,1.4774,3.4568,0.78565,4.4246,8.5048,5.8122,2.4635,42.607,49.41,29.0688,78.48,3.5848,6.7359,13.539,0.41212,24371,NaN
DnaA_20161013,DnaA knockdown,tCRISPRi DnaA-msGFP (MG1655),MOPS glucose + 6 a. a. + 0.2mM uracil,arabinose,0.06%,0.99709,1.4658,3.4917,0.77638,4.5204,8.499,5.8728,2.2763,41.71,48.6378,23.5488,72.186,3.3188,11.2330,18.161,0.44166,22093,NaN
DnaA_20161013,DnaA knockdown,tCRISPRi DnaA-msGFP (MG1655),MOPS glucose + 6 a. a. + 0.2mM uracil,arabinose,0.08%,0.90536,1.6757,3.8247,0.78893,4.8673,9.4676,5.7387,2.0073,45.936,43.3428,23.3292,66.672,2.7347,25.2000,22.607,0.61274,19607,NaN
SeqA_20160412,SeqA knockdown,tCRISPRi SeqA-msGFP (MG1655),MOPS glucose + 6 a. a.,arabinose,0%,0.77953,1.5837,3.0586,0.87922,3.5115,8.4197,5.4071,2.274,53.351,48.5700,37.6752,86.2440,3.0664,20.456,15.676,0.51646,21785,0.2596
SeqA_20160412,SeqA knockdown,tCRISPRi SeqA-msGFP (MG1655),MOPS glucose + 6 a. a.,arabinose,0.025%,0.76984,1.6289,3.1022,0.88451,3.5375,8.5941,5.3635,2.4987,54.023,64.8600,36.7080,101.5680,3.681,6.4782,17.315,0.44252,13842,0.25597
SeqA_20160412,SeqA knockdown,tCRISPRi SeqA-msGFP (MG1655),MOPS glucose + 6 a. a.,arabinose,0.05%,0.78443,1.7671,3.318,0.88563,3.7781,9.2069,5.3069,2.8887,53.018,74.0160,41.1690,115.1880,4.5084,43.866,11.848,0.39196,10682,0.24907
SeqA_20160412,SeqA knockdown,tCRISPRi SeqA-msGFP (MG1655),MOPS glucose + 6 a. a.,arabinose,0.075%,0.77414,1.847,3.4016,0.89436,3.8358,9.5233,5.2436,3.3183,53.723,75.1800,52.3596,127.5360,5.1838,33.629,1.363,0.3563,9618.9,0.25788
SeqA_20160412,SeqA knockdown,tCRISPRi SeqA-msGFP (MG1655),MOPS glucose + 6 a. a.,arabinose,0.1%,0.81881,1.8736,3.3766,0.90511,3.7612,9.5701,5.1934,3.1226,50.792,72.2880,44.3454,116.6340,4.9121,35.74,6.446,0.38143,7961.4,0.24574
SeqA_20160412,SeqA knockdown,tCRISPRi SeqA-msGFP (MG1655),MOPS glucose + 6 a. a.,arabinose,0.125%,0.78761,1.9154,3.461,0.90183,3.8683,9.7752,5.1881,3.3983,52.804,78.0900,50.8368,128.9280,5.4326,29.484,1.967,0.35258,8138,0.23664
SeqA_20160412,SeqA knockdown,tCRISPRi SeqA-msGFP (MG1655),MOPS glucose + 6 a. a.,arabinose,0.15%,0.78766,1.9214,3.4653,0.90253,3.8685,9.7969,5.1948,3.2099,52.801,77.2440,46.9788,124.2240,5.1079,34.176,5.8219,0.37616,10006,0.27691
SeqA_20160412,SeqA knockdown,tCRISPRi SeqA-msGFP (MG1655),MOPS glucose + 6 a. a.,arabinose,0.2%,0.81528,1.9064,3.4824,0.89662,3.9153,9.775,5.2105,3.6888,51.012,70.9800,57.7422,128.7240,5.7493,24.313,44.281,0.33159,8317.5,0.26147
SeqA_20160406,SeqA knockdown,tCRISPRi SeqA-msGFP (MG1655),MOPS glucose + 6 a. a.,arabinose,0%,0.77454,1.5198,3.0311,0.86402,3.5434,8.2021,5.4933,2.4726,53.695,54.5562,41.2530,95.8080,3.4446,11.58,12.442,0.44121,15101,0.24255
SeqA_20160406,SeqA knockdown,tCRISPRi SeqA-msGFP (MG1655),MOPS glucose + 6 a. a.,arabinose,0.01%,0.80324,1.5305,3.0926,0.85749,3.6415,8.2987,5.5041,2.5466,51.776,52.2312,42.1926,94.4220,3.5399,9.1285,9.5833,0.43236,13378,0.25151
SeqA_20160406,SeqA knockdown,tCRISPRi SeqA-msGFP (MG1655),MOPS glucose + 6 a. a.,arabinose,0.02%,0.8214,1.5339,3.1123,0.85392,3.6785,8.3247,5.5216,2.6189,50.631,48.4650,44.7576,93.2220,3.5831,8.0402,5.8738,0.4281,12503,0.24826
SeqA_20160406,SeqA knockdown,tCRISPRi SeqA-msGFP (MG1655),MOPS glucose + 6 a. a.,arabinose,0.04%,0.83807,1.6277,3.1999,0.86464,3.7283,8.6823,5.45,3.3669,49.624,63.6720,52.7346,116.4060,5.0831,32.469,46.515,0.32022,9924.2,0.2515
SeqA_20160406,SeqA knockdown,tCRISPRi SeqA-msGFP (MG1655),MOPS glucose + 6 a. a.,arabinose,0.06%,0.80226,1.7271,3.3423,0.86978,3.8734,9.1155,5.3942,3.65,51.84,63.6840,62.7420,126.4260,5.4219,29.093,40.935,0.31854,8465,0.27016
SeqA_20160406,SeqA knockdown,tCRISPRi SeqA-msGFP (MG1655),MOPS glucose + 6 a. a.,arabinose,0.08%,0.83715,1.8735,3.5208,0.8814,4.0291,9.7192,5.2846,4.4867,49.679,72.4680,68.3280,140.7960,7.1309,8.2425,31.032,0.26273,7952.9,0.23207
SeqA_20160406,SeqA knockdown,tCRISPRi SeqA-msGFP (MG1655),MOPS glucose + 6 a. a.,arabinose,0.1%,0.77756,1.9187,3.5789,0.88484,4.0811,9.9102,5.2563,3.7982,53.486,69.9420,65.3820,135.3240,5.7761,25.134,41.589,0.33218,7195.6,0.28233
SeqA_20160406,SeqA knockdown,tCRISPRi SeqA-msGFP (MG1655),MOPS glucose + 6 a. a.,arabinose,0.12%,0.8154,1.8636,3.5041,0.88088,4.0103,9.6726,5.2962,3.1251,51.004,73.2600,44.2020,117.4620,4.9347,35.551,6.8025,0.37765,7576.5,0.28561
DiaA_20160406,DiaA knockdown,tCRISPRi DiaA-msGFP (MG1655),MOPS glucose + 6 a. a.,arabinose,0%,0.7219,1.5675,3.0174,0.88257,3.4511,8.3341,5.3954,2.6802,57.61,58.9860,50.7114,109.6980,3.7428,5.5232,6.8988,0.4188,17047,0.24632
DiaA_20160406,DiaA knockdown,tCRISPRi DiaA-msGFP (MG1655),MOPS glucose + 6 a. a.,arabinose,0.025%,0.73801,1.5175,2.9217,0.88576,3.3296,8.0961,5.4113,2.4905,56.353,51.8790,46.8702,98.7480,3.3691,13.956,9.4822,0.45042,10380,0.22826
DiaA_20160406,DiaA knockdown,tCRISPRi DiaA-msGFP (MG1655),MOPS glucose + 6 a. a.,arabinose,0.05%,0.77473,1.4326,2.8623,0.86877,3.3228,7.786,5.5186,2.4471,53.682,56.1312,39.5538,95.6820,3.4401,11.679,14.128,0.41644,7890.7,0.21558
DiaA_20160406,DiaA knockdown,tCRISPRi DiaA-msGFP (MG1655),MOPS glucose + 6 a. a.,arabinose,0.075%,0.81093,1.4839,2.8704,0.88543,3.2729,7.9489,5.4269,2.4708,51.285,49.2870,40.9194,90.2040,3.3844,12.364,10.366,0.43845,3634.9,0.25798
DiaA_20160406,DiaA knockdown,tCRISPRi DiaA-msGFP (MG1655),MOPS glucose + 6 a. a.,arabinose,0.1%,0.73134,1.5033,2.9124,0.88109,3.334,8.04,5.4422,2.3804,56.867,54.6690,42.3048,96.9720,3.2609,16.759,14.562,0.461,3712,0.23595
DiaA_20160406,DiaA knockdown,tCRISPRi DiaA-msGFP (MG1655),MOPS glucose + 6 a. a.,arabinose,0.125%,0.7605,1.5463,3.0048,0.87918,3.4521,8.2619,5.4187,2.4195,54.686,53.4642,41.4732,94.9380,3.3312,14.435,13.213,0.46419,928.21,0.24905
DiaA_20160406,DiaA knockdown,tCRISPRi DiaA-msGFP (MG1655),MOPS glucose + 6 a. a.,arabinose,0.15%,0.7673,1.6312,3.1131,0.88368,3.5559,8.6123,5.3726,2.5313,54.202,51.2238,45.6186,96.8400,3.4503,11.561,8.5831,0.47278,2780.8,0.21809
DiaA_20160406,DiaA knockdown,tCRISPRi DiaA-msGFP (MG1655),MOPS glucose + 6 a. a.,arabinose,0.2%,0.75231,1.5856,3.054,0.8815,3.4985,8.423,5.3875,3.1102,55.282,52.8732,62.6040,115.4760,4.2542,50.367,47.958,0.37271,0,0.23269
oriC_20160928,oriC block,tCRISPRi oriC (MG1655),MOPS glucose + 6 a. a. + 0.2mM uracil,arabinose,0%,1.057,1.3882,3.2519,0.78836,4.1487,8.0297,5.8327,2.9677,39.348,35.3052,43.1856,78.4920,3.9856,0.20469,35.51,0.3483,NaN,NaN
oriC_20160928,oriC block,tCRISPRi oriC (MG1655),MOPS glucose + 6 a. a. + 0.2mM uracil,arabinose,0.005%,1.0876,1.351,3.1946,0.78555,4.0911,7.8591,5.8707,2.6956,38.238,24.6978,41.8944,66.5940,3.3439,9.8833,34.581,0.40402,NaN,NaN
oriC_20160928,oriC block,tCRISPRi oriC (MG1655),MOPS glucose + 6 a. a. + 0.2mM uracil,arabinose,0.01%,1.0229,1.4104,3.282,0.79049,4.1746,8.1276,5.819,2.842,40.658,29.5278,45.8862,75.4140,3.6171,5.9023,35.43,0.38993,NaN,NaN
oriC_20160928,oriC block,tCRISPRi oriC (MG1655),MOPS glucose + 6 a. a. + 0.2mM uracil,arabinose,0.015%,1.0254,1.4158,3.3063,0.78873,4.2175,8.1673,5.8284,2.717,40.559,30.3720,42.6450,73.0140,3.4829,8.1005,38.473,0.4065,NaN,NaN
oriC_20160928,oriC block,tCRISPRi oriC (MG1655),MOPS glucose + 6 a. a. + 0.2mM uracil,arabinose,0.02%,1.0219,1.4212,3.3671,0.7811,4.335,8.2414,5.865,2.5435,40.698,37.1712,35.2494,72.4200,3.433,8.9748,5.4482,0.41398,NaN,NaN
oriC_20160928,oriC block,tCRISPRi oriC (MG1655),MOPS glucose + 6 a. a. + 0.2mM uracil,arabinose,0.025,0.99808,1.4512,3.3708,0.79024,4.2941,8.339,5.8251,1.6492,41.669,31.7658,13.4940,45.2604,2.1231,38.077,28.174,0.68352,NaN,NaN
oriC_20160928,oriC block,tCRISPRi oriC (MG1655),MOPS glucose + 6 a. a. + 0.2mM uracil,arabinose,0.03%,1.0652,1.3445,3.1606,0.78862,4.0317,7.8064,5.8612,2.5634,39.043,28.9242,37.9434,66.8700,3.2776,11.219,1.0997,0.4102,NaN,NaN
oriC_20160928,oriC block,tCRISPRi oriC (MG1655),MOPS glucose + 6 a. a. + 0.2mM uracil,arabinose,0.04%,0.83674,1.7404,4.0003,0.78452,5.1283,9.8376,5.7483,2.527,49.704,35.3580,48.0708,83.4300,3.201,15.978,1.6327,0.5437,NaN,NaN
oriC_20160930,oriC block,tCRISPRi oriC (MG1655),MOPS glucose + 6 a. a. + 0.2mM uracil,arabinose,0%,0.9674,1.4111,3.1895,0.80385,3.9876,8.0382,5.7495,2.3995,42.99,31.2882,37.9848,69.2760,3.0554,16.708,5.0053,0.46184,NaN,NaN
oriC_20160930,oriC block,tCRISPRi oriC (MG1655),MOPS glucose + 6 a. a. + 0.2mM uracil,arabinose,0.05%,1.0287,1.4266,3.216,0.8059,4.0148,8.1148,5.7396,2.8815,40.43,39.7350,40.7382,80.4720,3.9736,0.38675,40.122,0.35902,NaN,NaN
oriC_20160930,oriC block,tCRISPRi oriC (MG1655),MOPS glucose + 6 a. a. + 0.2mM uracil,arabinose,0.1%,1.0712,1.3276,3.1321,0.7877,4,7.7266,5.8818,2.372,38.826,41.2152,26.5164,67.7340,3.3507,9.9214,12.31,0.39621,NaN,NaN
oriC_20160930,oriC block,tCRISPRi oriC (MG1655),MOPS glucose + 6 a. a. + 0.2mM uracil,arabinose,0.15%,0.87964,2.0759,4.4659,0.80739,5.5651,11.302,5.5478,1.981,47.279,35.8998,27.8928,63.7920,2.5478,30.766,19.387,0.81477,NaN,NaN
oriC_20160930,oriC block,tCRISPRi oriC (MG1655),MOPS glucose + 6 a. a. + 0.2mM uracil,arabinose,0.2%,0.75539,2.1831,4.6553,0.80866,5.7874,11.809,5.513,2.5912,55.056,35.5272,57.2022,92.7300,3.2137,17.384,52.911,0.6793,NaN,NaN
oriC_20160930,oriC block,tCRISPRi oriC (MG1655),MOPS glucose + 6 a. a. + 0.2mM uracil,arabinose,0.25%,0.75145,2.2317,4.6879,0.81375,5.7879,11.979,5.4913,2.6026,55.345,32.5878,59.5260,92.1120,3.1697,18.576,51.164,0.70406,NaN,NaN
Rep_20160929,Rep knockdown,tCRISPRi Rep-msGFP (MG1655),MOPS glucose + 6 a. a. + 0.2mM uracil,arabinose,0%,1.0368,1.3274,3.1476,0.7849,4.0364,7.7383,5.8966,2.7251,40.112,37.5540,38.2260,75.7800,3.7043,4.4447,1.8864,0.35834,10891,NaN
Rep_20160929,Rep knockdown,tCRISPRi Rep-msGFP (MG1655),MOPS glucose + 6 a. a. + 0.2mM uracil,arabinose,0.02%,1.0059,1.3591,3.1794,0.7902,4.0469,7.8696,5.8439,2.7868,41.345,41.9742,38.9208,80.8920,3.8814,1.7957,2.4244,0.35016,10996,NaN
Rep_20160929,Rep knockdown,tCRISPRi Rep-msGFP (MG1655),MOPS glucose + 6 a. a. + 0.2mM uracil,arabinose,0.04%,1.0539,1.316,3.108,0.7877,3.9708,7.6669,5.888,2.6871,39.463,35.9418,37.3626,73.3020,3.624,5.6209,2.1003,0.36314,11082,NaN
Rep_20160929,Rep knockdown,tCRISPRi Rep-msGFP (MG1655),MOPS glucose + 6 a. a. + 0.2mM uracil,arabinose,0.1%,1.0443,1.3876,3.2446,0.78903,4.137,8.0197,5.8438,3.0067,39.823,43.9740,39.8634,83.8380,4.3027,35.632,39.783,0.32249,9581.8,NaN
Rep_20160929,Rep knockdown,tCRISPRi Rep-msGFP (MG1655),MOPS glucose + 6 a. a. + 0.2mM uracil,arabinose,0.12%,1.0297,1.4208,3.271,0.79488,4.1388,8.1472,5.8018,3.056,40.39,37.0872,45.5706,82.6560,4.131,38.512,35.209,0.34394,9048.6,NaN
Rep_20160929,Rep knockdown,tCRISPRi Rep-msGFP (MG1655),MOPS glucose + 6 a. a. + 0.2mM uracil,arabinose,0.16%,1.0029,1.4579,3.4072,0.78604,4.3619,8.3918,5.8235,2.8658,41.468,41.1090,41.2602,82.3680,3.9623,0.56647,0.20772,0.36794,7565.6,NaN
Rep_20160929,Rep knockdown,tCRISPRi Rep-msGFP (MG1655),MOPS glucose + 6 a. a. + 0.2mM uracil,arabinose,0.2%,1.0792,1.5754,3.5136,0.80468,4.3921,8.8567,5.6847,3.2284,38.537,47.6100,39.6666,87.2760,4.8056,28.336,37.409,0.32783,8762.9,NaN
Rep_20161005,Rep knockdown,tCRISPRi Rep-msGFP (MG1655),MOPS glucose + 6 a. a. + 0.2mM uracil,arabinose,0%,1.0084,1.2557,3.0714,0.77402,3.9929,7.4431,5.9748,2.5392,41.244,32.0148,38.7234,70.7400,3.2833,11.749,2.5203,0.38245,10171,NaN
Rep_20161005,Rep knockdown,tCRISPRi Rep-msGFP (MG1655),MOPS glucose + 6 a. a. + 0.2mM uracil,arabinose,0.15%,0.9604,1.3609,3.2263,0.78388,4.1395,7.9207,5.872,2.4496,43.304,44.2272,32.5596,76.7880,3.4181,9.8211,10.744,0.39814,6647.1,NaN
Rep_20161005,Rep knockdown,tCRISPRi Rep-msGFP (MG1655),MOPS glucose + 6 a. a. + 0.2mM uracil,arabinose,0.2%,0.99382,1.4117,3.3093,0.78721,4.2272,8.1589,5.8271,2.8751,41.848,50.5152,36.7512,87.2640,4.2437,38.277,5.0966,0.33266,6659.7,NaN
Rep_20161005,Rep knockdown,tCRISPRi Rep-msGFP (MG1655),MOPS glucose + 6 a. a. + 0.2mM uracil,arabinose,0.3%,1.027,1.3939,3.2548,0.79024,4.1438,8.0519,5.8272,2.9028,40.497,44.6688,38.5116,83.1780,4.1525,38.311,1.9857,0.33568,7815.9,NaN
Rep_20161005,Rep knockdown,tCRISPRi Rep-msGFP (MG1655),MOPS glucose + 6 a. a. + 0.2mM uracil,arabinose,0.35%,1.0477,1.4943,3.4979,0.78484,4.4825,8.5968,5.8021,2.7834,39.696,45.4290,34.4166,79.8480,4.0318,39.242,5.2794,0.37063,7453.7,NaN
Rep_20161005,Rep knockdown,tCRISPRi Rep-msGFP (MG1655),MOPS glucose + 6 a. a. + 0.2mM uracil,arabinose,0.4%,0.99542,1.4921,3.4655,0.78872,4.419,8.5589,5.7871,2.8207,41.78,56.4138,32.1144,88.5300,4.3436,36.812,9.666,0.34351,6897,NaN
ThyA_20160114,thymine limitation,ThyA- (MG1655),M9 glucose + 3. a. a.,thymine,0 µg/ml (MG1655 wildtype),0.74379,1.1087,NaN,NaN,NaN,NaN,NaN,1.6796,55.915,43.2030,19.2678,62.4720,2.1693,49.359,36.647,0.51108,NaN,0.20054
ThyA_20160114,thymine limitation,ThyA- (MG1655),M9 glucose + 3. a. a.,thymine,500 µg/ml,0.68282,1.4498,NaN,NaN,NaN,NaN,NaN,1.76,60.907,36.1512,30.9804,67.1340,2.1468,54.684,29.927,0.67533,NaN,0.15848
ThyA_20160114,thymine limitation,ThyA- (MG1655),M9 glucose + 3. a. a.,thymine,100 µg/ml,0.7391,1.4664,NaN,NaN,NaN,NaN,NaN,2.3902,56.27,49.0740,44.9688,94.0440,3.185,18.496,11.301,0.46041,NaN,0.21053
ThyA_20160114,thymine limitation,ThyA- (MG1655),M9 glucose + 3. a. a.,thymine,50 µg/ml,0.76102,1.7798,NaN,NaN,NaN,NaN,NaN,2.5816,54.649,53.5140,46.5096,100.0260,3.5561,9.2742,8.1394,0.50049,NaN,0.15384
ThyA_20160118,thymine limitation,ThyA- (MG1655),M9 glucose + 3. a. a.,thymine,0 µg/ml (MG1655 wildtype),0.73352,1.1477,NaN,NaN,NaN,NaN,NaN,2.101,56.698,42.0000,38.8308,80.8320,2.6864,32.564,17.867,0.42723,NaN,0.1435
ThyA_20160118,thymine limitation,ThyA- (MG1655),M9 glucose + 3. a. a.,thymine,500 µg/ml,0.75801,2.4471,NaN,NaN,NaN,NaN,NaN,2.8478,54.866,44.2002,59.7138,103.9140,3.7165,5.8184,50.018,0.65844,NaN,0.18893
ThyA_20160118,thymine limitation,ThyA- (MG1655),M9 glucose + 3. a. a.,thymine,200 µg/ml,0.7442,2.5432,NaN,NaN,NaN,NaN,NaN,2.9683,55.884,47.2998,62.9160,110.2140,3.9237,1.5534,48.853,0.64818,NaN,0.20538
ThyA_20160118,thymine limitation,ThyA- (MG1655),M9 glucose + 3. a. a.,thymine,100 µg/ml,0.75836,2.3434,NaN,NaN,NaN,NaN,NaN,3.2291,54.841,51.0000,65.8800,116.8800,4.3809,47.644,43.804,0.53491,NaN,0.16999
ThyA_20160118,thymine limitation,ThyA- (MG1655),M9 glucose + 3. a. a.,thymine,80 µg/ml,0.69292,3.1186,NaN,NaN,NaN,NaN,NaN,3.4532,60.02,52.9002,79.5180,132.4200,4.6148,47.64,40.521,0.67578,NaN,0.16505
ThyA_20160123,thymine limitation,ThyA- (MG1655),M9 glucose + 3. a. a.,thymine,0 µg/ml (MG1655 wildtype),0.90811,1.253,NaN,NaN,NaN,NaN,NaN,2.231,45.797,37.9842,33.1194,71.1060,2.9334,20.491,12.678,0.42714,NaN,0.2239
ThyA_20160123,thymine limitation,ThyA- (MG1655),M9 glucose + 3. a. a.,thymine,1000 µg/ml,0.78718,1.9693,NaN,NaN,NaN,NaN,NaN,2.6078,52.832,51.9930,45.5898,97.5840,3.5976,8.082,7.2426,0.5474,NaN,0.20501
ThyA_20160123,thymine limitation,ThyA- (MG1655),M9 glucose + 3. a. a.,thymine,500 µg/ml,0.77592,2.1377,NaN,NaN,NaN,NaN,NaN,2.8667,53.6,41.0430,60.0120,101.0520,3.6945,6.1445,47.188,0.57862,NaN,0.1817
ThyA_20160123,thymine limitation,ThyA- (MG1655),M9 glucose + 3. a. a.,thymine,200 µg/ml,0.79666,1.9626,NaN,NaN,NaN,NaN,NaN,3.1505,52.204,43.4760,63.6480,107.1240,4.1468,49.489,40.761,0.47328,NaN,0.20405
ThyA_20160123,thymine limitation,ThyA- (MG1655),M9 glucose + 3. a. a.,thymine,100 µg/ml,0.75274,1.958,NaN,NaN,NaN,NaN,NaN,3.1884,55.25,46.2918,68.1600,114.4500,4.2034,51.297,42.339,0.4658,NaN,0.13602
ThyA_20160123,thymine limitation,ThyA- (MG1655),M9 glucose + 3. a. a.,thymine,80 µg/ml,0.76815,1.947,NaN,NaN,NaN,NaN,NaN,3.3759,54.141,50.7792,68.2740,119.0520,4.5913,43.372,40.01,0.42406,NaN,0.18986
ThyA_20160123,thymine limitation,ThyA- (MG1655),M9 glucose + 3. a. a.,thymine,40 µg/ml,0.70146,2.1,NaN,NaN,NaN,NaN,NaN,3.3018,59.289,46.1472,78.0600,124.2060,4.2722,53.658,40.516,0.49156,NaN,0.18411
ThyA_20160123,thymine limitation,ThyA- (MG1655),M9 glucose + 3. a. a.,thymine,20 µg/ml,0.68653,2.1094,NaN,NaN,NaN,NaN,NaN,3.757,60.578,76.5960,74.6040,151.2000,5.6408,30.537,46.555,0.37395,NaN,0.15685
ThyA_20160123,thymine limitation,ThyA- (MG1655),M9 glucose + 3. a. a.,thymine,0 µg/ml (MG1655 wildtype),0.82281,1.0937,NaN,NaN,NaN,NaN,NaN,1.7339,50.545,40.6002,18.8940,59.4942,2.2612,41.596,31.651,0.48368,NaN,0.19536
ThyA_20160123,thymine limitation,ThyA- (MG1655),M9 glucose + 3. a. a.,thymine,500 µg/ml,0.74128,1.694,NaN,NaN,NaN,NaN,NaN,1.8228,56.104,45.0072,25.0512,70.0560,2.3763,42.15,31.053,0.71288,NaN,0.17716
ThyA_20160123,thymine limitation,ThyA- (MG1655),M9 glucose + 3. a. a.,thymine,100 µg/ml,0.77643,1.7093,NaN,NaN,NaN,NaN,NaN,2.6067,53.564,40.1052,53.1198,93.2220,3.3414,13.903,0.44425,0.51156,NaN,0.19884
ThyA_20160123,thymine limitation,ThyA- (MG1655),M9 glucose + 3. a. a.,thymine,20 µg/ml,0.76256,2.2086,NaN,NaN,NaN,NaN,NaN,2.5512,54.538,62.5980,40.3278,102.9240,3.6992,6.1511,14.211,0.59706,NaN,0.24014
SulA_20161005,SulA overexpression,SulA-GFP (MG1655),MOPS glucose + 6 a. a. + 0.2mM uracil,IPTG,0,1.0365,1.3317,3.2712,0.76903,4.2777,7.8742,5.9565,2.7594,40.125,37.7940,38.8356,76.6320,3.7575,3.6203,1.2892,0.35441,NaN,NaN
SulA_20161005,SulA overexpression,SulA-GFP (MG1655),MOPS glucose + 6 a. a. + 0.2mM uracil,IPTG,20,1.0752,1.4302,3.485,0.7684,4.5581,8.3873,5.9045,2.4961,38.682,42.8268,28.2708,71.1000,3.5752,6.2653,10.411,0.40003,NaN,NaN
SulA_20161005,SulA overexpression,SulA-GFP (MG1655),MOPS glucose + 6 a. a. + 0.2mM uracil,IPTG,40,1.0284,1.4677,3.702,0.75183,4.9488,8.715,5.9765,2.6979,40.441,45.5508,33.6552,79.2060,3.8867,1.676,6.7859,0.37762,NaN,NaN
SulA_20161005,SulA overexpression,SulA-GFP (MG1655),MOPS glucose + 6 a. a. + 0.2mM uracil,IPTG,60,1.0695,1.5736,3.9444,0.75228,5.2757,9.2826,5.942,2.6193,38.885,38.7180,33.5502,72.2700,3.6263,5.5018,5.3347,0.43394,NaN,NaN
SulA_20161005,SulA overexpression,SulA-GFP (MG1655),MOPS glucose + 6 a. a. + 0.2mM uracil,IPTG,80,1.0605,1.6764,4.2165,0.74869,5.67,9.8702,5.9331,3.1223,39.216,49.2192,38.0346,87.2520,4.6749,30.395,1.1817,0.3586,NaN,NaN
SulA_20161005,SulA overexpression,SulA-GFP (MG1655),MOPS glucose + 6 a. a. + 0.2mM uracil,IPTG,100,1.0209,1.7248,4.4078,0.74231,5.9897,10.211,5.9689,3.1048,40.737,38.9622,46.0314,84.9960,4.2468,37.218,35.443,0.40614,NaN,NaN
SulA_20161005,SulA overexpression,SulA-GFP (MG1655),MOPS glucose + 6 a. a. + 0.2mM uracil,IPTG,150,0.88922,1.616,4.0486,0.75852,5.4223,9.5253,5.9424,2.7407,46.77,42.5202,45.6564,88.1760,3.6943,5.3638,1.1136,0.43743,NaN,NaN
MreB_20160405,MreB knockdown,tCRISPRi MreB (MG1655),MOPS glucose + 6 a. a.,arabinose,0%,0.75865,1.6906,NaN,NaN,NaN,NaN,NaN,2.418,54.82,52.0350,42.3912,94.4280,3.3,15.213,12.428,0.5123,NaN,0.26142
MreB_20160405,MreB knockdown,tCRISPRi MreB (MG1655),MOPS glucose + 6 a. a.,arabinose,0.0125%,0.72264,1.5473,NaN,NaN,NaN,NaN,NaN,2.3765,57.551,63.3000,38.2224,101.5200,3.3964,13.582,19.329,0.45557,NaN,0.25404
MreB_20160405,MreB knockdown,tCRISPRi MreB (MG1655),MOPS glucose + 6 a. a.,arabinose,0.025%,0.75086,2.0381,NaN,NaN,NaN,NaN,NaN,2.5577,55.388,64.7700,40.4814,105.2520,3.7328,5.524,14.907,0.54599,NaN,0.24617
MreB_20160405,MreB knockdown,tCRISPRi MreB (MG1655),MOPS glucose + 6 a. a.,arabinose,0.05%,0.76158,2.3955,NaN,NaN,NaN,NaN,NaN,3.2421,54.609,51.6678,65.4240,117.0960,4.4206,46.732,43.791,0.5419,NaN,0.27377
MreB_20160622,MreB knockdown,tCRISPRi MreB (MG1655),MOPS glucose + 6 a. a.,arabinose,0%,0.75304,1.5213,3.0282,0.85303,3.589,8.082,5.5599,1.6724,55.228,59.0970,9.6084,68.7060,2.3686,41.751,45.62,0.64228,NaN,0.23173
MreB_20160622,MreB knockdown,tCRISPRi MreB (MG1655),MOPS glucose + 6 a. a.,arabinose,0.02%,0.77831,1.4323,2.854,0.90513,3.2162,8.067,5.4025,2.0668,53.435,66.2160,20.5032,86.7180,3.08,20.149,32.932,0.46503,NaN,0.2234
MreB_20160622,MreB knockdown,tCRISPRi MreB (MG1655),MOPS glucose + 6 a. a.,arabinose,0.04%,0.71422,1.6036,2.7171,1.1078,2.5895,9.4027,4.8501,2.1145,58.23,63.0540,29.4186,92.4720,3.0063,23.99,28.811,0.5334,NaN,0.22388
MreB_20160622,MreB knockdown,tCRISPRi MreB (MG1655),MOPS glucose + 6 a. a.,arabinose,0.05%,0.75837,1.6367,2.7933,1.2811,2.3481,11.246,4.424,2.9751,54.84,57.7212,55.6524,113.3760,4.1912,51.146,54.027,0.39051,NaN,0.21721
MreB_20160622,MreB knockdown,tCRISPRi MreB (MG1655),MOPS glucose + 6 a. a.,arabinose,0.055%,0.71797,1.7711,2.7464,1.2873,2.2832,11.085,4.4102,2.2625,57.926,53.2590,40.1928,93.4500,3.0595,22.4,17.733,0.57888,NaN,0.23143
MreB_20160622,MreB knockdown,tCRISPRi MreB (MG1655),MOPS glucose + 6 a. a.,arabinose,0.065%,0.68577,2.414,2.6176,1.3461,2.0602,11.149,4.391,2.6219,60.645,55.5528,55.0932,110.6460,3.5418,10.645,5.5524,0.68158,NaN,0.22601
MreB_20160622,MreB knockdown,tCRISPRi MreB (MG1655),MOPS glucose + 6 a. a.,arabinose,0.07%,0.69311,2.1425,2.7378,1.4429,2.0214,12.467,4.0933,3.085,60.003,58.4250,66.6720,125.1000,4.2423,54.913,53.334,0.50503,NaN,0.21523
MreB_20160607,MreB knockdown,tCRISPRi MreB (MG1655),MOPS glucose + 6 a. a. + 0.2mM uracil,arabinose,0%,0.9585,1.2962,3.0786,0.76554,4.0479,7.3847,5.7745,2.4273,43.389,36.9978,36.1032,73.0980,3.2149,13.678,7.2863,0.40319,NaN,0.28023
MreB_20160607,MreB knockdown,tCRISPRi MreB (MG1655),MOPS glucose + 6 a. a. + 0.2mM uracil,arabinose,0.03%,0.9057,1.3207,3.1806,0.79088,4.0609,7.8686,5.5835,2.5093,45.919,45.1656,37.0866,82.2540,3.4611,9.5857,8.8323,0.38158,NaN,0.2952
MreB_20160607,MreB knockdown,tCRISPRi MreB (MG1655),MOPS glucose + 6 a. a. + 0.2mM uracil,arabinose,0.04%,0.9851,1.5924,3.1224,0.79209,3.9855,7.7305,5.6307,2.6269,42.218,40.9170,37.2252,78.1440,3.6073,6.2937,4.9925,0.44144,NaN,0.31513
MreB_20160607,MreB knockdown,tCRISPRi MreB (MG1655),MOPS glucose + 6 a. a. + 0.2mM uracil,arabinose,0.05%,0.9306,1.3007,3.2235,0.80772,4.0395,8.1417,5.4899,2.4608,44.69,47.1810,33.0354,80.2140,3.47,9.1639,11.655,0.37484,NaN,0.31747
MreB_20160607,MreB knockdown,tCRISPRi MreB (MG1655),MOPS glucose + 6 a. a. + 0.2mM uracil,arabinose,0.06%,0.9489,1.4876,2.8918,0.83428,3.5158,7.5474,5.5239,2.7807,43.828,45.5406,40.5354,86.0760,3.9012,1.5808,3.2929,0.38131,NaN,0.33909
MreB_20160607,MreB knockdown,tCRISPRi MreB (MG1655),MOPS glucose + 6 a. a. + 0.2mM uracil,arabinose,0.065%,0.9323,1.6486,3.0449,0.81836,3.7692,7.7943,5.4638,2.831,44.609,43.1052,44.2206,87.3240,3.8841,1.8918,0.38816,0.42445,NaN,0.26752
MreB_20160607,MreB knockdown,tCRISPRi MreB (MG1655),MOPS glucose + 6 a. a. + 0.2mM uracil,arabinose,0.07%,0.8438,1.6801,2.6493,0.84753,3.1429,7.1508,5.6855,3.6839,49.288,46.8840,67.9980,114.8820,5.0309,32.983,30.579,0.33396,NaN,0.31425
FtsZ_20160408,FtsZ knockdown,tCRISPRi FtsZ-msGFP (MG1655),MOPS glucose + 6 a. a.,arabinose,0%,0.71349,1.6185,3.1051,0.88157,3.5548,8.5683,5.3845,2.5837,58.289,59.5980,48.2718,107.8680,3.6065,8.7084,10.017,0.44877,1.62E+05,NaN
FtsZ_20160408,FtsZ knockdown,tCRISPRi FtsZ-msGFP (MG1655),MOPS glucose + 6 a. a.,arabinose,0.0025%,0.7378,1.6294,3.1083,0.8849,3.5459,8.6052,5.3673,2.6247,56.368,51.9270,51.1332,103.0620,3.5513,9.6768,5.2353,0.45882,1.28E+05,NaN
FtsZ_20160408,FtsZ knockdown,tCRISPRi FtsZ-msGFP (MG1655),MOPS glucose + 6 a. a.,arabinose,0.005%,0.75053,1.7314,3.343,0.87466,3.865,9.1367,5.3724,2.7254,55.413,53.3490,52.0002,105.3480,3.7352,5.4762,3.4124,0.46354,1.26E+05,NaN
FtsZ_20160408,FtsZ knockdown,tCRISPRi FtsZ-msGFP (MG1655),MOPS glucose + 6 a. a.,arabinose,0.0075%,0.7664,1.684,3.2636,0.87144,3.7767,8.9127,5.4074,2.6728,54.265,46.3260,52.6650,98.9880,3.5411,9.539,1.6001,0.47555,1.31E+05,NaN
FtsZ_20160408,FtsZ knockdown,tCRISPRi FtsZ-msGFP (MG1655),MOPS glucose + 6 a. a.,arabinose,0.01%,0.73591,1.8387,3.5383,0.87104,4.1018,9.6421,5.3664,2.9948,56.513,50.3412,62.9700,113.3100,4.0139,56.231,50.058,0.45808,1.25E+05,NaN
FtsZ_20160408,FtsZ knockdown,tCRISPRi FtsZ-msGFP (MG1655),MOPS glucose + 6 a. a.,arabinose,0.0125%,0.68477,1.8085,3.5066,0.86941,4.0776,9.5264,5.3686,2.7776,60.734,62.7600,56.2680,119.0280,3.8901,2.4415,4.4664,0.4649,99143,NaN
FtsZ_20160408,FtsZ knockdown,tCRISPRi FtsZ-msGFP (MG1655),MOPS glucose + 6 a. a.,arabinose,0.015%,0.69496,1.8072,3.5273,0.86473,4.1192,9.5416,5.4034,2.6048,59.844,75.2640,42.3072,117.5700,3.903,2.1186,17.537,0.46302,1.20E+05,NaN
FtsZ_20160408,FtsZ knockdown,tCRISPRi FtsZ-msGFP (MG1655),MOPS glucose + 6 a. a.,arabinose,0.0175%,0.70051,1.7292,3.3892,0.86745,3.9493,9.1823,5.4239,2.8134,59.37,69.9120,51.2790,121.1880,4.116,56.92,8.0909,0.42011,96928,NaN
FOS_20160414,fosfomycin,NCM3722,MOPS glucose + 6 a. a.,fosfomycin,0 µg/ml,1.1988,1.3755,3.0282,0.82137,3.709,7.7818,5.6981,3.1584,34.693,34.1610,39.5136,73.6740,4.3579,30.403,29.872,0.31563,NaN,0.27464
FOS_20160414,fosfomycin,NCM3722,MOPS glucose + 6 a. a.,fosfomycin,0.25 µg/ml,1.1755,1.5018,3.2292,0.82691,3.9275,8.3584,5.6034,3.1343,35.38,38.9442,37.6080,76.5540,4.4806,29.589,33.153,0.33518,NaN,0.31413
FOS_20160414,fosfomycin,NCM3722,MOPS glucose + 6 a. a.,fosfomycin,0.5 µg/ml,1.206,1.4279,3.0458,0.83513,3.6704,7.9578,5.6131,3.2662,34.486,38.5020,38.4030,76.9080,4.6914,26.554,30.57,0.30437,NaN,NaN
FOS_20160414,fosfomycin,NCM3722,MOPS glucose + 6 a. a.,fosfomycin,0.75 µg/ml,1.2636,1.4388,3.1324,0.82373,3.8324,8.0706,5.6572,3.0407,32.913,36.0060,33.6702,69.6780,4.3379,29.062,32.155,0.33168,NaN,0.28649
FOS_20160414,fosfomycin,NCM3722,MOPS glucose + 6 a. a.,fosfomycin,1 µg/ml,1.1709,1.5154,3.1431,0.84456,3.7526,8.3072,5.5413,3.332,35.519,34.4142,43.5090,77.9220,4.5751,28.635,27.53,0.33122,NaN,0.3035
FOS_20160414,fosfomycin,NCM3722,MOPS glucose + 6 a. a.,fosfomycin,1.25 µg/ml,1.1855,1.4481,3.1124,0.82797,3.7922,8.0701,5.653,2.8833,35.08,29.2248,38.2788,67.5060,3.7955,2.6563,31.881,0.38153,NaN,0.28561
FOS_20160414,fosfomycin,NCM3722,MOPS glucose + 6 a. a.,fosfomycin,1.5 µg/ml,1.1933,1.6104,3.0453,0.88789,3.4664,8.4733,5.3621,3.5734,34.851,40.4748,42.4446,82.9200,5.2026,21.635,27.258,0.30954,NaN,0.32533
FOS_20160414,fosfomycin,NCM3722,MOPS glucose + 6 a. a.,fosfomycin,2 µg/ml,1.2062,1.9705,3.2359,0.94474,3.4729,9.6269,5.0794,4.0689,34.479,34.9170,51.3312,86.2500,5.6627,17.188,17.626,0.34798,NaN,0.29896
FOS_20160620,fosfomycin,NCM3722,MOPS glucose + 6 a. a.,fosfomycin,0 µg/ml,1.1731,1.2572,3.0826,0.77276,4.0112,7.4593,5.9877,3.4738,35.452,39.3720,42.7476,82.1220,4.9807,24.237,28.157,0.25241,NaN,0.26696
FOS_20160620,fosfomycin,NCM3722,MOPS glucose + 6 a. a.,fosfomycin,0.25 µg/ml,1.1419,1.2827,3.0884,0.78121,3.9797,7.5474,5.9248,3.3767,36.421,45.7548,39.4134,85.1700,5.0576,24.094,33.428,0.25362,NaN,0.29019
FOS_20160620,fosfomycin,NCM3722,MOPS glucose + 6 a. a.,fosfomycin,0.5 µg/ml,1.1345,1.3153,3.1114,0.78789,3.9752,7.6707,5.8766,3.6837,36.658,41.4648,46.8798,88.3440,5.3146,21.63,26.437,0.24749,NaN,0.29234
FOS_20160620,fosfomycin,NCM3722,MOPS glucose + 6 a. a.,fosfomycin,0.75 µg/ml,1.1987,1.3133,3.0617,0.79491,3.8795,7.6159,5.849,3.7415,34.695,36.8442,46.4988,83.3400,5.286,20.742,22.891,0.24845,NaN,0.2975
FOS_20160620,fosfomycin,NCM3722,MOPS glucose + 6 a. a.,fosfomycin,1 µg/ml,1.1354,1.3596,3.067,0.80864,3.8215,7.7627,5.7688,3.6599,36.629,35.8302,49.6392,85.4700,5.0398,24.418,23.619,0.26977,NaN,0.33751
FOS_20160620,fosfomycin,NCM3722,MOPS glucose + 6 a. a.,fosfomycin,1.25 µg/ml,1.1697,1.371,3.0396,0.8159,3.7575,7.7663,5.7421,3.9736,35.555,37.6632,50.7918,88.4520,5.6093,18.21,20.318,0.24441,NaN,0.30765
FOS_20160620,fosfomycin,NCM3722,MOPS glucose + 6 a. a.,fosfomycin,1.5 µg/ml,1.1383,1.5443,3.2388,0.83562,3.9162,8.476,5.5809,4.0619,36.536,41.0808,52.0134,93.0960,5.8483,16.513,21.058,0.26406,NaN,0.27933
FOS_20160620,fosfomycin,NCM3722,MOPS glucose + 6 a. a.,fosfomycin,2 µg/ml,1.0759,1.6766,3.1368,0.88574,3.5889,8.73,5.3755,4.0885,38.655,41.8740,56.2890,98.1660,5.8138,17.802,21.021,0.28838,NaN,0.28639
TRC_20160328,triclosan,NCM3722,MOPS glucose + 6 a. a.,triclosan,0 µg/ml,1.2352,1.2167,2.9431,0.78189,3.7858,7.2024,5.9654,3.704,33.669,36.1050,44.4384,80.5440,5.2496,20.464,22.9,0.23177,NaN,0.27668
TRC_20160328,triclosan,NCM3722,MOPS glucose + 6 a. a.,triclosan,0.01 µg/ml,1.2375,1.2442,3.0696,0.77137,4.0052,7.4073,5.9976,3.5163,33.607,42.1830,38.3544,80.5380,5.265,20.285,28.86,0.23632,NaN,0.28662
TRC_20160328,triclosan,NCM3722,MOPS glucose + 6 a. a.,triclosan,0.02 µg/ml,1.2406,1.2893,3.1494,0.77332,4.095,7.6249,5.96,3.5968,33.524,37.4058,42.0072,79.4160,5.1652,21.16,25.041,0.24961,NaN,0.30729
TRC_20160328,triclosan,NCM3722,MOPS glucose + 6 a. a.,triclosan,0.04 µg/ml,1.2039,1.2204,3.0412,0.76748,3.9869,7.3042,6.0316,3.9042,34.545,42.4158,45.1776,87.5940,5.7985,16.04,23.911,0.21047,NaN,0.28128
TRC_20160328,triclosan,NCM3722,MOPS glucose + 6 a. a.,triclosan,0.06 µg/ml,1.2378,1.2018,2.9144,0.78212,3.7501,7.1298,5.9773,3.0947,33.598,37.4880,34.8120,72.3000,4.4442,28.494,32.384,0.27042,NaN,0.28588
TRC_20160328,triclosan,NCM3722,MOPS glucose + 6 a. a.,triclosan,0.08 µg/ml,0.92843,1.4223,3.646,0.74967,4.9187,8.5194,6.086,4.3094,44.795,40.5378,73.0800,113.6160,5.8014,20.767,16.51,0.24517,NaN,0.28646
TRC_20160328,triclosan,NCM3722,MOPS glucose + 6 a. a.,triclosan,0.1 µg/ml,0.97685,1.2143,3.127,0.75555,4.1796,7.3678,6.1112,2.8597,42.574,43.5102,41.5032,85.0140,3.9912,0.13573,1.0713,0.30425,NaN,0.27451
TRC_20160328,triclosan,NCM3722,MOPS glucose + 6 a. a.,triclosan,0.15 µg/ml,0.65761,1.3152,3.5858,0.72436,5.0173,8.1054,6.3801,3.2228,63.242,49.2978,81.0180,130.3140,4.1715,59.412,45.468,0.31528,NaN,0.2516
HU_20160830,hydroxyurea,NCM3722,MOPS glucose + 6 a. a.,hydroxyurea,0 mM,1.2041,1.3202,3.1183,0.78813,3.9803,7.6929,5.8769,3.7775,34.54,33.0732,48.7812,81.8520,5.1687,21.767,20.3,0.25542,NaN,NaN
HU_20160830,hydroxyurea,NCM3722,MOPS glucose + 6 a. a.,hydroxyurea,1 mM,1.1876,1.4169,3.2056,0.80491,4.0057,8.077,5.7458,3.9966,35.02,37.3668,50.1672,87.5340,5.6551,17.526,19.873,0.25055,NaN,NaN
HU_20160830,hydroxyurea,NCM3722,MOPS glucose + 6 a. a.,hydroxyurea,2 mM,1.1825,1.4761,3.2995,0.80886,4.107,8.3489,5.699,4.1374,35.17,44.0172,48.4632,92.4780,6.1883,13.029,21.876,0.23853,NaN,NaN
HU_20160830,hydroxyurea,NCM3722,MOPS glucose + 6 a. a.,hydroxyurea,3 mM,1.1606,1.5438,3.4178,0.81083,4.2427,8.6706,5.6541,3.647,35.834,45.9258,42.2394,88.1640,5.5037,19.336,29.428,0.2805,NaN,NaN
HU_20160830,hydroxyurea,NCM3722,MOPS glucose + 6 a. a.,hydroxyurea,4 mM,1.1408,1.5278,3.4167,0.80732,4.2651,8.6221,5.694,4.0821,36.456,52.9842,45.2820,98.2680,6.4778,11.1,27.629,0.23585,NaN,NaN
HU_20160830,hydroxyurea,NCM3722,MOPS glucose + 6 a. a.,hydroxyurea,5 mM,1.23,1.6377,3.6032,0.81129,4.4735,9.1389,5.6143,3.2539,33.811,56.6748,26.5008,83.1780,5.5023,18.257,7.31,0.29764,NaN,NaN
CEX_20160912,cephalexin,NCM3722,MOPS glucose + 6 a. a.,cephalexin,0 µg/ml,1.2183,1.3663,3.1294,0.80114,3.9283,7.8482,5.7864,3.2746,34.136,42.3600,35.7282,78.0900,4.8824,24.319,32.543,0.27984,NaN,NaN
CEX_20160912,cephalexin,NCM3722,MOPS glucose + 6 a. a.,cephalexin,0.05 µg/ml,1.2015,1.379,3.157,0.80113,3.9638,7.9145,5.7762,3.9667,34.615,46.8138,43.5906,90.4020,6.1122,13.441,25.64,0.22561,NaN,NaN
CEX_20160912,cephalexin,NCM3722,MOPS glucose + 6 a. a.,cephalexin,0.1 µg/ml,1.1977,1.3878,3.1966,0.79765,4.0324,7.9788,5.791,3.6717,34.724,50.0520,38.0664,88.1160,5.8064,16.055,31.383,0.23901,NaN,NaN
CEX_20160912,cephalexin,NCM3722,MOPS glucose + 6 a. a.,cephalexin,0.2 µg/ml,1.1965,1.4207,3.2445,0.80005,4.0796,8.1256,5.7594,3.6339,34.758,34.0338,46.7274,80.7600,5.0055,23.513,22.789,0.28383,NaN,NaN
CEX_20160912,cephalexin,NCM3722,MOPS glucose + 6 a. a.,cephalexin,0.4 µg/ml,1.1861,1.4672,3.3262,0.80149,4.1753,8.3462,5.7333,4.0596,35.064,48.4812,44.7144,93.1980,6.311,11.997,25.414,0.23248,NaN,NaN
CEX_20160912,cephalexin,NCM3722,MOPS glucose + 6 a. a.,cephalexin,0.6 µg/ml,1.2466,1.5275,3.3679,0.81212,4.1722,8.5674,5.6616,4.0039,33.361,38.5770,46.1982,84.7740,5.8206,15.307,20.523,0.26243,NaN,NaN
CEX_20160912,cephalexin,NCM3722,MOPS glucose + 6 a. a.,cephalexin,0.8 µg/ml,1.188,1.5742,3.4171,0.81682,4.2056,8.7528,5.6261,4.4239,35.007,44.0388,51.4908,95.5320,6.6295,9.49,18.522,0.23745,NaN,NaN
CEX_20160912,cephalexin,NCM3722,MOPS glucose + 6 a. a.,cephalexin,1 µg/ml,1.1905,1.6879,3.6693,0.80994,4.5449,9.3402,5.62,4.5727,34.934,39.3672,55.6536,95.0220,6.5887,9.7813,14.214,0.25618,NaN,NaN
CAM_20150421,chloramphenicol,NCM3722,TSB,chloramphenicol,0,1.7573,3.8902,4.3623,1.1435,3.8148,15.671,4.0284,6.3459,23.666,38.6430,41.9652,80.6100,10.6,14.057,5.367,0.36699,NaN,0.41756
CAM_20150421,chloramphenicol,NCM3722,TSB,chloramphenicol,1,1.585,4.083,4.5152,1.1479,3.9334,16.283,3.988,6.0079,26.238,44.9856,43.1802,88.1640,10.269,16.788,9.2966,0.39762,NaN,0.46243
CAM_20150421,chloramphenicol,NCM3722,TSB,chloramphenicol,2,1.5019,3.5251,4.2286,1.1035,3.8319,14.66,4.1587,5.8567,27.691,46.5732,45.0912,91.6620,9.9192,19.101,10.291,0.35539,NaN,0.39049
CAM_20150421,chloramphenicol,NCM3722,TSB,chloramphenicol,4,1.3281,3.2573,4.0321,1.09,3.6992,13.807,4.2388,5.5464,31.315,46.8330,51.9738,98.8080,8.9092,26.452,10.655,0.36561,NaN,0.52897
CAM_20150421,chloramphenicol,NCM3722,TSB,chloramphenicol,6,1.3515,2.9446,3.8075,1.0705,3.5566,12.805,4.3487,5.5881,30.773,47.5566,50.5098,98.0640,9.1053,25.028,11.037,0.32339,NaN,0.52552
CAM_20150421,chloramphenicol,NCM3722,TSB,chloramphenicol,12,0.89489,3.253,3.6263,1.1661,3.1099,13.284,4.0837,7.836,46.474,68.6880,100.7820,169.4700,12.524,16.425,38.641,0.25975,NaN,0.64016
CAM_20150112,chloramphenicol,NCM3722,TSB,chloramphenicol,1,1.9324,3.4034,4.1477,1.1012,3.787,14.3,4.2353,7.854,21.522,37.3002,43.4976,80.7960,13.494,5.2885,21.067,0.25221,NaN,0.39854
CAM_20150112,chloramphenicol,NCM3722,TSB,chloramphenicol,2,1.9202,3.2545,4.0468,1.092,3.7292,13.829,4.2936,6.6656,21.658,36.7998,39.0876,75.8880,11.344,10.746,4.2291,0.28689,NaN,0.37846
CAM_20150112,chloramphenicol,NCM3722,TSB,chloramphenicol,4,1.5697,3.004,3.8127,1.0856,3.5314,12.955,4.3502,5.9777,26.495,45.7998,43.1874,88.9860,10.257,16.994,9.8033,0.29286,NaN,0.45635
CAM_20150112,chloramphenicol,NCM3722,TSB,chloramphenicol,6,1.2732,2.727,3.4664,1.0956,3.1833,11.881,4.3905,5.4483,32.665,61.9980,45.5418,107.5440,9.7963,23.119,19.789,0.27837,NaN,0.47085
CAM_20150112,chloramphenicol,NCM3722,TSB,chloramphenicol,12,0.88187,2.8094,3.4273,1.1232,3.0771,12.03,4.3224,7.9181,47.16,67.3020,104.3760,171.6780,12.47,16.961,37.102,0.2253,NaN,0.58079
CAM_20150112,chloramphenicol,NCM3722,TSB,chloramphenicol,15,0.53487,3.0558,3.43,1.1744,2.9458,12.601,4.1727,5.8433,77.755,109.0020,139.1460,248.1480,9.1349,62.874,16.364,0.33452,NaN,0.61419
CAM_20150407,chloramphenicol,NCM3722,MOPS glucose synthetic rich,chloramphenicol,0,1.7095,3.2427,4.3903,1.0278,4.2717,14.175,4.3715,6.3126,24.328,39.0882,43.3290,82.4160,10.467,14.893,5.3263,0.30979,NaN,0.46161
CAM_20150407,chloramphenicol,NCM3722,MOPS glucose synthetic rich,chloramphenicol,1,1.7591,2.8079,4.0852,0.99784,4.094,12.806,4.5609,6.3126,23.642,46.5690,36.9516,83.5200,11.573,11.047,10.332,0.24261,NaN,0.5241
CAM_20150407,chloramphenicol,NCM3722,MOPS glucose synthetic rich,chloramphenicol,2,1.2626,2.2194,3.8474,0.91351,4.2117,11.042,4.975,4.6307,32.94,56.1414,42.0342,98.1780,7.8924,0.64339,23.845,0.28121,NaN,0.6192
CAM_20150407,chloramphenicol,NCM3722,MOPS glucose synthetic rich,chloramphenicol,4,0.97244,1.821,3.4819,0.87305,3.9882,9.55,5.2443,3.9911,42.768,71.7180,46.1022,117.8220,6.7502,10.481,39.433,0.26977,NaN,0.63806
CAM_20150407,chloramphenicol,NCM3722,MOPS glucose synthetic rich,chloramphenicol,7,0.61099,1.8961,3.2749,0.92677,3.5337,9.535,5.0286,4.9373,68.067,115.0080,93.7560,208.7640,8.3803,63.506,42.379,0.22626,NaN,0.74412
CAM_20150519,chloramphenicol,NCM3722,MOPS glucose synthetic rich,chloramphenicol,0,1.9438,3.2485,4.3491,1.0371,4.1936,14.17,4.3619,6.3126,21.395,42.2484,33.3762,75.6240,11.589,9.9561,9.414,0.28032,NaN,0.42983
CAM_20150519,chloramphenicol,NCM3722,MOPS glucose synthetic rich,chloramphenicol,2,1.3661,2.3228,3.762,0.94891,3.9645,11.215,4.828,4.8787,30.443,53.4894,40.1808,93.6720,8.4381,28.101,20.705,0.27528,NaN,0.49431
CAM_20150519,chloramphenicol,NCM3722,MOPS glucose synthetic rich,chloramphenicol,4,1.0881,2.0327,3.573,0.9137,3.9105,10.256,5.0456,4.2129,38.22,62.4360,45.1662,107.6040,7.0389,7.0573,31.274,0.28878,NaN,0.52619
CAM_20150519,chloramphenicol,NCM3722,MOPS glucose synthetic rich,chloramphenicol,6,0.90775,1.9626,3.3291,0.93572,3.5578,9.7863,4.9864,4.0343,45.815,78.8760,48.8784,127.7580,6.9092,9.6889,42.752,0.28406,NaN,0.59255
CAM_20150519,chloramphenicol,NCM3722,MOPS glucose synthetic rich,chloramphenicol,8,0.65346,2.1171,3.2532,0.98714,3.2956,10.089,4.7654,4.7183,63.644,109.7520,82.1700,191.9220,8.087,62.65,45.115,0.26179,NaN,0.71367
CAM_20150811,chloramphenicol,NCM3722,MOPS glucose synthetic rich,chloramphenicol,0,1.7703,3.2581,4.3014,1.0276,4.186,13.886,4.2619,6.3126,23.492,48.2568,35.5038,83.7600,11.839,10.209,11.481,0.27521,NaN,0.44965
CAM_20150811,chloramphenicol,NCM3722,MOPS glucose synthetic rich,chloramphenicol,1,1.7968,3.0038,4.3109,0.98962,4.3561,13.403,4.4618,6.3126,23.146,48.2382,34.5528,82.7880,11.934,9.7915,11.739,0.25171,NaN,0.4733
CAM_20150811,chloramphenicol,NCM3722,MOPS glucose synthetic rich,chloramphenicol,2,1.7995,2.7988,4.0492,0.97856,4.1379,12.448,4.4478,6.3126,23.112,42.2484,38.1102,80.3580,11.135,12.088,8.1127,0.25135,NaN,0.46015
CAM_20150811,chloramphenicol,NCM3722,MOPS glucose synthetic rich,chloramphenicol,4,1.452,2.2103,3.7684,0.91888,4.1011,10.878,4.9216,5.0844,28.642,51.2898,38.9328,90.2220,8.8763,24.347,18.352,0.24901,NaN,0.50052
CAM_20150811,chloramphenicol,NCM3722,MOPS glucose synthetic rich,chloramphenicol,6,1.1318,2.1011,3.6854,0.91237,4.0394,10.564,5.0277,4.3175,36.745,59.4906,45.0414,104.5320,7.1839,5.7037,28.449,0.29247,NaN,0.54215
CAM_20150811,chloramphenicol,NCM3722,MOPS glucose synthetic rich,chloramphenicol,8,0.99896,1.9198,3.5406,0.88907,3.9824,9.8894,5.1513,3.9993,41.632,68.4540,45.8112,114.2640,6.7021,10.632,37.453,0.28644,NaN,0.66068
CAM_20150811,chloramphenicol,NCM3722,MOPS glucose synthetic rich,chloramphenicol,10,0.85903,1.7959,3.3597,0.88469,3.7977,9.3378,5.1993,4.0369,48.414,77.1960,55.3524,132.5460,6.6705,12.695,41.475,0.26924,NaN,0.65873
CAM_20150811,chloramphenicol,NCM3722,MOPS glucose synthetic rich,chloramphenicol,12,0.79324,1.8682,3.4244,0.89552,3.8239,9.634,5.1569,4.0404,52.429,97.4160,51.7536,149.1720,7.186,8.117,0.67563,0.25997,NaN,0.7207
CAM_20151119,chloramphenicol,NCM3722,MOPS glucose synthetic rich,chloramphenicol,0,1.7077,3.391,4.2863,1.0739,4.0089,14.439,4.3058,6.3126,24.354,38.8104,43.5642,82.3740,10.428,15.04,5.1433,0.32517,NaN,0.37865
CAM_20150811,chloramphenicol,NCM3722,MOPS glucose synthetic rich,chloramphenicol,1,1.6268,3.0078,4.0983,1.035,3.9774,13.305,4.473,5.5031,25.564,40.3734,40.8840,81.2580,9.0541,20.999,10.244,0.3322,NaN,0.51026
CAM_20150811,chloramphenicol,NCM3722,MOPS glucose synthetic rich,chloramphenicol,2,0.97979,2.3905,3.886,0.94542,4.1282,11.521,4.8695,3.9534,42.447,63.1560,49.9074,113.0640,6.3364,14.277,34.986,0.37726,NaN,0.56153
CAM_20150811,chloramphenicol,NCM3722,MOPS glucose synthetic rich,chloramphenicol,4,0.9646,2.0235,3.6082,0.90573,4.0063,10.237,5.1066,4.0312,43.115,80.8440,41.9748,122.8140,7.2029,6.5287,1.1403,0.28092,NaN,0.48854
CAM_20150811,chloramphenicol,NCM3722,MOPS glucose synthetic rich,chloramphenicol,6,0.78478,1.8859,3.3043,0.92187,3.6121,9.5331,5.1108,4.0409,52.994,93.5040,55.3074,148.8120,7.0035,10.171,50.681,0.26928,NaN,0.64794
CAM_20150811,chloramphenicol,NCM3722,MOPS glucose synthetic rich,chloramphenicol,8,0.55261,2.8498,4.1663,0.99688,4.2042,13.01,4.6192,5.2385,75.259,122.2320,113.0160,235.2480,8.7291,65.789,37.502,0.32648,NaN,0.58241
CAM_20150811,chloramphenicol,NCM3722,MOPS glucose synthetic rich,chloramphenicol,10,0.37502,3.2597,3.9563,1.1062,3.609,13.707,4.273,7.0099,110.9,118.4700,248.6820,367.1520,9.9226,76.439,84.01,0.32851,NaN,0.89182
CAM_20150811,chloramphenicol,NCM3722,MOPS glucose synthetic rich,chloramphenicol,12,0.20596,3.4952,4.3231,1.082,4.0165,14.703,4.2987,7.7626,201.93,188.3820,497.7660,686.1600,10.541,121.57,108.03,0.33158,NaN,0.88215
CAM_20150604,chloramphenicol,NCM3722,MOPS glucose + casamino acids,chloramphenicol,0,1.3168,1.9548,3.1518,0.96715,3.2589,9.5765,4.899,NaN,31.583,42.2100,NaN,NaN,NaN,NaN,NaN,NaN,NaN,0.32381
CAM_20150604,chloramphenicol,NCM3722,MOPS glucose + casamino acids,chloramphenicol,2,1.1846,1.7484,2.9981,0.94092,3.1864,8.8624,5.0689,NaN,35.107,45.8598,NaN,NaN,NaN,NaN,NaN,NaN,NaN,0.38371
CAM_20150604,chloramphenicol,NCM3722,MOPS glucose + casamino acids,chloramphenicol,4,0.89823,1.5187,2.8817,0.89404,3.2233,8.094,5.3296,NaN,46.301,54.4872,NaN,NaN,NaN,NaN,NaN,NaN,NaN,0.35546
CAM_20150604,chloramphenicol,NCM3722,MOPS glucose + casamino acids,chloramphenicol,6,0.75717,1.56,2.8447,0.91245,3.1177,8.1545,5.2274,NaN,54.927,49.3278,NaN,NaN,NaN,NaN,NaN,NaN,NaN,0.37913
CAM_20150604,chloramphenicol,NCM3722,MOPS glucose + casamino acids,chloramphenicol,8,0.56583,1.8524,2.9741,0.97507,3.0501,9.1103,4.918,NaN,73.501,64.6620,NaN,NaN,NaN,NaN,NaN,NaN,NaN,0.38392
CAM_20150604,chloramphenicol,NCM3722,MOPS glucose + casamino acids,chloramphenicol,10,0.63145,2.107,3.189,0.99854,3.1936,10.004,4.7479,NaN,65.863,56.8878,NaN,NaN,NaN,NaN,NaN,NaN,NaN,0.42175
CAM_20150604,chloramphenicol,NCM3722,MOPS glucose + casamino acids,chloramphenicol,12,0.41543,2.0087,3.1015,0.97999,3.1648,9.5486,4.7537,NaN,100.11,98.8800,NaN,NaN,NaN,NaN,NaN,NaN,NaN,0.4105
CAM_20150604,chloramphenicol,NCM3722,MOPS glucose + casamino acids,chloramphenicol,15,0.28494,2.8217,3.769,1.0432,3.6129,12.352,4.3776,NaN,145.96,109.7280,NaN,NaN,NaN,NaN,NaN,NaN,NaN,0.51624
CAM_20150611,chloramphenicol,NCM3722,MOPS glucose + casamino acids,chloramphenicol,0,1.4475,2.0507,3.2144,0.98074,3.2775,9.9038,4.8296,NaN,28.731,NaN,NaN,NaN,NaN,NaN,NaN,NaN,NaN,0.37371
CAM_20150611,chloramphenicol,NCM3722,MOPS glucose + casamino acids,chloramphenicol,2,1.2931,1.7009,2.94,0.93677,3.1384,8.6523,5.087,NaN,32.161,NaN,NaN,NaN,NaN,NaN,NaN,NaN,NaN,0.4042
CAM_20150611,chloramphenicol,NCM3722,MOPS glucose + casamino acids,chloramphenicol,4,1.1798,1.4831,2.7786,0.90002,3.0873,7.8565,5.2974,NaN,35.25,NaN,NaN,NaN,NaN,NaN,NaN,NaN,NaN,0.40396
CAM_20150611,chloramphenicol,NCM3722,MOPS glucose + casamino acids,chloramphenicol,6,1.0181,1.5078,2.8007,0.90419,3.0975,7.9557,5.2762,NaN,40.85,NaN,NaN,NaN,NaN,NaN,NaN,NaN,NaN,0.38336
CAM_20150611,chloramphenicol,NCM3722,MOPS glucose + casamino acids,chloramphenicol,8,0.70327,1.8112,2.8973,0.97859,2.9607,8.9072,4.9179,NaN,59.137,NaN,NaN,NaN,NaN,NaN,NaN,NaN,NaN,0.43377
CAM_20150611,chloramphenicol,NCM3722,MOPS glucose + casamino acids,chloramphenicol,10,0.50106,2.0603,3.0787,1.0081,3.054,9.7499,4.7322,NaN,83.003,NaN,NaN,NaN,NaN,NaN,NaN,NaN,NaN,0.49169
CAM_20150611,chloramphenicol,NCM3722,MOPS glucose + casamino acids,chloramphenicol,12,0.50106,2.3268,3.2894,1.0282,3.1992,10.626,4.5666,NaN,83.003,NaN,NaN,NaN,NaN,NaN,NaN,NaN,NaN,0.43284
CAM_20150716,chloramphenicol,NCM3722,MOPS glucose + 12 a. a.,chloramphenicol,0,1.3448,1.1798,3.562,0.68122,5.2289,7.6231,6.4613,3.8528,30.925,41.0400,38.0964,79.1340,5.8928,13.64,23.754,0.20021,NaN,0.44151
CAM_20150716,chloramphenicol,NCM3722,MOPS glucose + 12 a. a.,chloramphenicol,1,1.1843,1.0754,3.5342,0.65415,5.4027,7.263,6.7538,3.4157,35.118,43.1784,39.1218,82.3020,5.0755,23.053,31.113,0.21188,NaN,0.30018
CAM_20150716,chloramphenicol,NCM3722,MOPS glucose + 12 a. a.,chloramphenicol,2,1.3081,1.3471,3.4195,0.74999,4.5594,8.0569,5.9809,3.7551,31.794,41.3616,38.4660,79.8300,5.6991,15.556,25.123,0.23637,NaN,0.4235
CAM_20150716,chloramphenicol,NCM3722,MOPS glucose + 12 a. a.,chloramphenicol,4,1.0086,1.2587,3.439,0.71944,4.7801,7.7728,6.1752,3.6066,41.234,54.5688,46.9548,101.5260,5.5103,22.179,35.514,0.22843,NaN,0.57308
CAM_20150716,chloramphenicol,NCM3722,MOPS glucose + 12 a. a.,chloramphenicol,6,0.78276,1.1471,3.1433,0.72439,4.3392,7.1533,6.236,3.7987,53.131,59.8362,70.4460,130.2840,5.4723,29.108,35.814,0.20962,NaN,0.56891
CAM_20150716,chloramphenicol,NCM3722,MOPS glucose + 12 a. a.,chloramphenicol,8,0.49985,1.1481,3.0018,0.7436,4.0368,7.0125,6.1079,4.4134,83.203,68.4180,142.3860,210.7980,5.7899,38.811,24.023,0.19829,NaN,0.59075
CAM_20150716,chloramphenicol,NCM3722,MOPS glucose + 12 a. a.,chloramphenicol,10,0.37288,1.1761,3.0475,0.74749,4.077,7.1565,6.0849,4.5893,111.53,90.0240,198.0720,288.1020,5.9922,46.499,24.993,0.19627,NaN,0.72503
CAM_20150716,chloramphenicol,NCM3722,MOPS glucose + 12 a. a.,chloramphenicol,12,0.30566,1.3061,3.1097,0.78015,3.986,7.6216,5.8354,4.6722,136.06,111.6000,244.1820,355.7820,6.1255,52.407,27.945,0.21322,NaN,0.77457
CAM_20150818,chloramphenicol,NCM3722,MOPS glucose + 12 a. a.,chloramphenicol,0,1.503,1.6218,3.6432,0.79543,4.5802,9.1041,5.6135,3.6765,27.67,42.7608,28.7022,71.4660,5.9906,11.546,26.638,0.27073,NaN,0.37652
CAM_20150818,chloramphenicol,NCM3722,MOPS glucose + 12 a. a.,chloramphenicol,1,1.3993,1.6339,3.674,0.7984,4.6017,9.2153,5.64,3.7921,29.722,38.8848,36.2532,75.1380,5.768,14.027,23.19,0.28328,NaN,0.41752
CAM_20150818,chloramphenicol,NCM3722,MOPS glucose + 12 a. a.,chloramphenicol,2,1.2312,1.5171,3.5161,0.78508,4.4787,8.6722,5.7161,3.5445,33.778,41.9820,39.1758,81.1560,5.2878,20.177,28.381,0.28692,NaN,0.45777
CAM_20150818,chloramphenicol,NCM3722,MOPS glucose + 12 a. a.,chloramphenicol,4,0.93059,1.5425,3.5195,0.79216,4.4429,8.7588,5.6783,3.7091,44.691,59.8086,52.3134,112.1220,5.6917,21.95,37.068,0.27101,NaN,0.46533
CAM_20150818,chloramphenicol,NCM3722,MOPS glucose + 12 a. a.,chloramphenicol,6,0.72311,1.3281,3.1582,0.78128,4.0423,7.7516,5.8367,3.7959,57.514,62.0760,77.7180,139.7940,5.3913,32.746,37.31,0.24634,NaN,0.44643
CAM_20150818,chloramphenicol,NCM3722,MOPS glucose + 12 a. a.,chloramphenicol,8,0.50109,1.4326,3.2813,0.78811,4.1635,8.1242,5.671,4.4116,82.996,68.2020,142.0020,210.2100,5.7867,38.78,23.987,0.24756,NaN,0.58515
CAM_20150818,chloramphenicol,NCM3722,MOPS glucose + 12 a. a.,chloramphenicol,10,0.35213,1.3129,3.1011,0.78031,3.9742,7.6021,5.7902,4.618,118.11,93.5580,211.7820,305.3400,6.0013,48.981,24.433,0.21877,NaN,0.69423
CAM_20150818,chloramphenicol,NCM3722,MOPS glucose + 12 a. a.,chloramphenicol,12,0.27108,1.3589,3.1817,0.78643,4.0458,7.8609,5.7849,4.6722,153.42,141.1320,266.9220,408.0540,6.319,52.21,39.921,0.21504,NaN,0.34784
CAM_20151112,chloramphenicol,NCM3722,MOPS glucose + 12 a. a.,chloramphenicol,0,1.5053,1.421,3.5191,0.75937,4.6614,8.3816,6.0025,3.674,27.628,34.0890,33.6162,67.7040,5.4663,15.18,21.641,0.25996,NaN,0.40246
CAM_20151112,chloramphenicol,NCM3722,MOPS glucose + 12 a. a.,chloramphenicol,1,1.344,1.399,3.4912,0.75758,4.6452,8.2846,5.9997,3.8537,30.943,41.0706,38.1240,79.1940,5.8945,13.635,23.762,0.23734,NaN,0.56218
CAM_20151112,chloramphenicol,NCM3722,MOPS glucose + 12 a. a.,chloramphenicol,2,1.1744,1.3337,3.3361,0.75903,4.4244,7.9342,6.0251,3.3888,35.411,43.4280,39.1080,82.5360,5.0308,23.698,31.714,0.26512,NaN,0.46102
CAM_20151112,chloramphenicol,NCM3722,MOPS glucose + 12 a. a.,chloramphenicol,4,0.85972,1.2359,3.2298,0.74347,4.3805,7.5184,6.1566,3.8022,48.375,56.9454,62.8140,119.7600,5.5621,25.367,33.937,0.2222,NaN,0.48224
CAM_20151112,chloramphenicol,NCM3722,MOPS glucose + 12 a. a.,chloramphenicol,6,0.69024,1.3096,3.2264,0.76802,4.2364,7.7548,5.9842,3.7944,60.253,73.6740,76.4940,150.1680,5.6269,30.589,44.011,0.23275,NaN,0.5656
CAM_20151112,chloramphenicol,NCM3722,MOPS glucose + 12 a. a.,chloramphenicol,8,0.5441,1.2013,3.0834,0.75287,4.1342,7.2691,6.1404,3.6839,76.436,64.7580,109.8360,174.5940,4.8709,54.714,43.038,0.24663,NaN,0.48408
CAM_20151112,chloramphenicol,NCM3722,MOPS glucose + 12 a. a.,chloramphenicol,10,0.50647,1.2913,3.0924,0.78129,3.992,7.5675,5.9546,4.4042,82.115,82.0140,132.2700,214.2840,6.1032,32.06,31.96,0.21157,NaN,0.77346
CAM_20151112,chloramphenicol,NCM3722,MOPS glucose + 12 a. a.,chloramphenicol,12,0.31304,1.1813,2.9391,0.76797,3.8593,7.0729,6.0751,4.6722,132.85,105.3000,240.4260,345.7260,6.0725,52.837,25.28,0.19453,NaN,0.70426
CAM_20150721,chloramphenicol,NCM3722,MOPS glucose + 6 a. a.,chloramphenicol,0,1.2583,1.3684,3.0812,0.80728,3.8168,7.8144,5.7106,3.4851,33.053,39.3240,38.5296,77.8560,5.1174,21.305,27.577,0.2674,NaN,0.4169
CAM_20150721,chloramphenicol,NCM3722,MOPS glucose + 6 a. a.,chloramphenicol,1,1.2367,1.4025,3.0778,0.803,3.8329,7.7643,5.536,3.4851,33.629,39.5802,39.4440,79.0260,5.0979,21.862,27.813,0.27512,NaN,0.36064
CAM_20150721,chloramphenicol,NCM3722,MOPS glucose + 6 a. a.,chloramphenicol,2,0.9458,1.1185,2.8762,0.75595,3.8047,6.8306,6.1067,2.3756,43.972,42.6102,32.3970,75.0060,3.2621,12.937,11.575,0.34289,NaN,0.3757
CAM_20150721,chloramphenicol,NCM3722,MOPS glucose + 6 a. a.,chloramphenicol,3,0.95239,1.0574,2.7342,0.7564,3.6147,6.4973,6.1446,2.3946,43.668,41.9454,32.8806,74.8260,3.2796,12.509,10.787,0.32241,NaN,0.4444
CAM_20150721,chloramphenicol,NCM3722,MOPS glucose + 6 a. a.,chloramphenicol,4,0.76485,0.95781,2.6197,0.73492,3.5647,6.0486,6.315,2.5112,54.375,48.5292,46.7202,95.2500,3.3676,13.501,7.6552,0.28442,NaN,0.38192
CAM_20150721,chloramphenicol,NCM3722,MOPS glucose + 6 a. a.,chloramphenicol,6,0.67825,0.97297,2.5756,0.75123,3.4285,6.0785,6.2473,2.6479,61.318,57.7422,55.7082,113.4480,3.6055,9.186,5.6101,0.26986,NaN,0.35329
CAM_20150721,chloramphenicol,NCM3722,MOPS glucose + 6 a. a.,chloramphenicol,8,0.50873,0.9319,2.6074,0.72702,3.5865,5.9553,6.3905,2.8337,81.751,66.9300,87.8040,154.7340,3.7134,8.7676,75.697,0.25096,NaN,0.6029
CAM_20150721,chloramphenicol,NCM3722,MOPS glucose + 6 a. a.,chloramphenicol,10,0.38495,0.97091,2.703,0.7263,3.7216,6.1676,6.3524,2.811,108.04,90.2040,113.8200,204.0240,3.7024,12.049,102.25,0.26223,NaN,0.55218
CAM_20150728,chloramphenicol,NCM3722,MOPS glucose + 6 a. a.,chloramphenicol,0,1.3125,1.3559,2.9464,0.82656,3.5646,7.6509,5.6425,3.4851,31.687,35.4432,38.2134,73.6560,5.009,21.404,25.16,0.2707,NaN,0.31654
CAM_20150728,chloramphenicol,NCM3722,MOPS glucose + 6 a. a.,chloramphenicol,1,1.2565,1.2969,3.0266,0.79059,3.8283,7.5171,5.7964,3.4851,33.099,39.4500,38.5428,77.9940,5.1207,21.305,27.655,0.25326,NaN,0.33792
CAM_20150728,chloramphenicol,NCM3722,MOPS glucose + 6 a. a.,chloramphenicol,2,0.99689,1.1527,2.8264,0.77648,3.6401,6.8947,5.9814,2.523,41.719,49.3836,29.3292,78.7140,3.698,4.7244,12.389,0.31171,NaN,0.38737
CAM_20150728,chloramphenicol,NCM3722,MOPS glucose + 6 a. a.,chloramphenicol,3,0.99142,1.082,2.6659,0.77884,3.4229,6.5229,6.0286,2.5072,41.949,39.1758,34.9866,74.1600,3.4057,9.7349,6.962,0.31771,NaN,0.3751
CAM_20150728,chloramphenicol,NCM3722,MOPS glucose + 6 a. a.,chloramphenicol,4,0.82257,1.0204,2.6326,0.75975,3.465,6.2835,6.1581,2.4335,50.559,55.3074,35.4762,90.7860,3.4716,10.335,15.083,0.29392,NaN,0.38797
CAM_20150728,chloramphenicol,NCM3722,MOPS glucose + 6 a. a.,chloramphenicol,6,0.64933,1.025,2.668,0.7524,3.5459,6.3064,6.1526,2.7631,64.049,69.7800,56.8380,126.6180,3.9365,1.4798,7.211,0.26038,NaN,0.41387
CAM_20150728,chloramphenicol,NCM3722,MOPS glucose + 6 a. a.,chloramphenicol,8,0.51298,0.98459,2.6654,0.73723,3.6154,6.1733,6.2699,2.8373,81.073,66.5520,87.1320,153.6780,3.7207,8.4668,75.016,0.26463,NaN,0.42823
CAM_20150728,chloramphenicol,NCM3722,MOPS glucose + 6 a. a.,chloramphenicol,10,0.4256,0.87158,2.7078,0.68097,3.9764,5.7928,6.6463,2.811,97.719,90.2040,98.2080,188.4120,3.8056,7.0252,97.229,0.22903,NaN,0.49569
CAM_20150820,chloramphenicol,NCM3722,MOPS glucose + 6 a. a.,chloramphenicol,0,1.1146,1.2903,3.1488,0.77295,4.0737,7.6463,5.9258,3.2447,37.314,36.3384,44.1756,80.5140,4.4622,31.428,30.452,0.28917,NaN,0.29257
CAM_20150820,chloramphenicol,NCM3722,MOPS glucose + 6 a. a.,chloramphenicol,1,1.0532,1.1074,2.9378,0.74286,3.9547,6.8562,6.1912,2.8722,39.487,46.4946,35.2854,81.7800,4.2019,36.682,4.202,0.26355,NaN,0.31353
CAM_20150820,chloramphenicol,NCM3722,MOPS glucose + 6 a. a.,chloramphenicol,2,0.98643,1.0748,2.8601,0.74348,3.847,6.6804,6.2158,2.4928,42.161,38.5134,35.2896,73.8060,3.3648,10.519,6.8715,0.31941,NaN,0.32285
CAM_20150820,chloramphenicol,NCM3722,MOPS glucose + 6 a. a.,chloramphenicol,3,0.88372,0.97523,2.6964,0.7307,3.6901,6.1897,6.3469,2.3598,47.061,47.4996,33.1644,80.6640,3.2808,13.458,13.897,0.29726,NaN,0.32657
CAM_20150820,chloramphenicol,NCM3722,MOPS glucose + 6 a. a.,chloramphenicol,4,0.7331,0.95885,2.7212,0.72011,3.7788,6.1562,6.4204,2.5547,56.73,50.8962,50.0016,100.8960,3.4308,12.562,6.7284,0.27948,NaN,0.34833
CAM_20150820,chloramphenicol,NCM3722,MOPS glucose + 6 a. a.,chloramphenicol,6,0.58057,0.90494,2.6166,0.7154,3.6575,5.8808,6.4986,2.8946,71.635,64.2660,76.0500,140.3160,3.8873,2.9527,67.219,0.23279,NaN,0.39186
CAM_20150820,chloramphenicol,NCM3722,MOPS glucose + 6 a. a.,chloramphenicol,8,0.43425,0.86984,2.6739,0.68972,3.8767,5.7938,6.6608,2.811,95.772,62.7420,110.2500,172.9920,3.4974,18.554,81.296,0.24871,NaN,0.41371
CAM_20151231,chloramphenicol,NCM3722,MOPS glucose + 6 a. a.,chloramphenicol,0,1.1547,1.3001,3.0873,0.78679,3.9471,7.6018,5.8894,3.4851,36.015,40.1196,43.5264,83.6460,5.002,24.4,28.504,0.25992,NaN,0.3125
CAM_20151231,chloramphenicol,NCM3722,MOPS glucose + 6 a. a.,chloramphenicol,1,1.0672,1.161,2.9182,0.76677,3.8289,7.0008,6.0741,2.9612,38.971,40.5132,39.5682,80.0820,4.1551,36.832,38.374,0.27942,NaN,0.31249
CAM_20151231,chloramphenicol,NCM3722,MOPS glucose + 6 a. a.,chloramphenicol,2,0.99987,1.0419,2.7974,0.74197,3.7925,6.4968,6.2835,2.5316,41.594,37.3812,36.0804,73.4640,3.4015,9.7266,5.5137,0.3063,NaN,0.33831
CAM_20151231,chloramphenicol,NCM3722,MOPS glucose + 6 a. a.,chloramphenicol,3,0.92364,0.97205,2.7186,0.72803,3.7581,6.1915,6.4202,2.3117,45.027,44.8434,30.7290,75.5700,3.2007,14.481,14.298,0.3037,NaN,0.36418
CAM_20151231,chloramphenicol,NCM3722,MOPS glucose + 6 a. a.,chloramphenicol,4,0.81461,0.99981,2.7941,0.72595,3.8696,6.3507,6.4001,2.4431,51.054,44.8200,42.2508,87.0720,3.2613,15.037,8.8028,0.30656,NaN,0.39484
CAM_20151231,chloramphenicol,NCM3722,MOPS glucose + 6 a. a.,chloramphenicol,6,0.68519,0.97412,2.7128,0.72946,3.7404,6.1935,6.4045,2.6203,60.697,54.8526,55.4988,110.3520,3.5261,11.042,5.1977,0.27626,NaN,0.45612
CAM_20151231,chloramphenicol,NCM3722,MOPS glucose + 6 a. a.,chloramphenicol,8,0.61002,0.91266,2.7082,0.70496,3.863,5.9752,6.5921,2.9196,68.176,46.2714,81.3420,127.6140,3.66,8.7372,55.009,0.24936,NaN,0.41594
CAM_20151231,chloramphenicol,NCM3722,MOPS glucose + 6 a. a.,chloramphenicol,10,0.4819,0.94692,2.7331,0.71507,3.8437,6.1166,6.5055,2.811,86.303,69.3240,92.4180,161.7420,3.6658,10.862,80.188,0.25831,NaN,0.45383
CAM_20150306,chloramphenicol,NCM3722,MOPS glucose,chloramphenicol,0,1.0276,1.0287,2.8811,0.72241,3.9881,6.5386,6.3562,2.3701,40.471,32.0760,33.6138,65.6880,3.0804,15.252,6.8571,0.33395,NaN,0.27884
CAM_20150306,chloramphenicol,NCM3722,MOPS glucose,chloramphenicol,1,0.92638,0.87577,2.6361,0.69882,3.7722,5.7874,6.6083,2.2442,44.894,48.5838,26.5530,75.1380,3.1902,14.652,18.341,0.27452,NaN,0.26324
CAM_20150306,chloramphenicol,NCM3722,MOPS glucose,chloramphenicol,2,0.99015,0.86399,2.4566,0.72486,3.3891,5.5943,6.475,2.3247,42.003,39.1686,30.4848,69.6540,3.1565,14.352,11.518,0.27372,NaN,0.27663
CAM_20150306,chloramphenicol,NCM3722,MOPS glucose,chloramphenicol,3,0.77351,0.82785,2.4104,0.71968,3.3493,5.4498,6.5831,2.0275,53.767,59.4984,23.1840,82.6800,2.9035,24.851,30.583,0.28512,NaN,0.34182
CAM_20150306,chloramphenicol,NCM3722,MOPS glucose,chloramphenicol,5,0.45261,0.74649,2.2983,0.69244,3.3192,4.9997,6.6976,2.1,91.886,73.9380,59.6730,133.6080,2.7398,50.162,32.213,0.27246,NaN,0.51469
CAM_20150306,chloramphenicol,NCM3722,MOPS glucose,chloramphenicol,7,0.27229,0.76084,2.4643,0.67161,3.6692,5.1994,6.8338,2.4933,152.74,129.5580,133.3740,262.9320,3.2977,42.543,19.365,0.23072,NaN,0.65243
CAM_20150306,chloramphenicol,NCM3722,MOPS glucose,chloramphenicol,9,0.19119,0.76336,2.472,0.67329,3.6716,5.2288,6.8498,2.5865,217.53,152.4840,218.9040,371.3880,3.2656,63.662,216.15,0.23376,NaN,0.6407
CAM_20150430,chloramphenicol,NCM3722,MOPS glucose,chloramphenicol,0,1.058,0.89382,2.7862,0.6858,4.0627,6.0028,6.7159,2.3701,39.31,34.8570,30.6210,65.4780,3.1726,13.143,8.6892,0.28173,NaN,0.24312
CAM_20150430,chloramphenicol,NCM3722,MOPS glucose,chloramphenicol,1,0.97615,0.85915,2.6785,0.68758,3.8955,5.7858,6.7343,2.3071,42.605,41.9880,29.1996,71.1900,3.1841,14.022,13.405,0.26983,NaN,0.26307
CAM_20150430,chloramphenicol,NCM3722,MOPS glucose,chloramphenicol,2,0.80351,0.79213,2.4981,0.68577,3.6427,5.3818,6.7941,2.0724,51.759,51.8388,27.0018,78.8400,2.8743,24.677,24.757,0.27559,NaN,0.28686
CAM_20150430,chloramphenicol,NCM3722,MOPS glucose,chloramphenicol,3,0.6899,0.73012,2.3746,0.67724,3.5062,5.0521,6.9196,1.8504,60.282,55.6386,24.2220,79.8600,2.5049,40.704,36.06,0.29147,NaN,0.27081
CAM_20150430,chloramphenicol,NCM3722,MOPS glucose,chloramphenicol,4,0.58911,0.69035,2.3426,0.66347,3.5309,4.8828,7.073,1.8357,70.596,58.5078,31.2150,89.7240,2.4132,51.469,39.381,0.28607,NaN,0.30045
CAM_20150922,chloramphenicol,NCM3722,MOPS glucose,chloramphenicol,0,1.1048,1.0786,2.8931,0.73797,3.9203,6.7074,6.2187,2.3701,37.644,39.1494,26.1198,65.2680,3.3261,10.02,11.525,0.32428,NaN,0.32293
CAM_20150922,chloramphenicol,NCM3722,MOPS glucose,chloramphenicol,1,0.93339,1.005,2.7445,0.73361,3.7411,6.3252,6.2937,2.2531,44.557,50.6004,25.2642,75.8640,3.255,13.248,19.292,0.30876,NaN,0.45381
CAM_20150922,chloramphenicol,NCM3722,MOPS glucose,chloramphenicol,2,0.75701,0.92607,2.5841,0.72862,3.5466,5.915,6.3872,2.0028,54.938,63.7080,21.0714,84.7800,2.9144,25.095,33.867,0.31776,NaN,0.3995
CAM_20150922,chloramphenicol,NCM3722,MOPS glucose,chloramphenicol,3,0.67556,0.90458,2.5222,0.72982,3.4559,5.7829,6.3929,1.8159,61.562,60.2280,21.1740,81.4020,2.5007,41.719,40.388,0.36173,NaN,0.50513
CAM_20150922,chloramphenicol,NCM3722,MOPS glucose,chloramphenicol,4,0.59601,0.92134,2.5384,0.73376,3.4595,5.8515,6.3511,1.8316,69.778,58.8978,30.0450,88.9440,2.4194,50.613,39.733,0.38081,NaN,0.45739
CAM_20150922,chloramphenicol,NCM3722,MOPS glucose,chloramphenicol,6,0.44655,0.87196,2.5645,0.70552,3.6349,5.6842,6.5189,2.1038,93.135,80.5980,57.6276,138.2280,2.7975,48.042,35.507,0.31169,NaN,0.54707
CAM_20150922,chloramphenicol,NCM3722,MOPS glucose,chloramphenicol,8,0.35315,0.88538,2.5981,0.70622,3.679,5.7644,6.5106,2.1626,117.77,102.9960,76.9560,179.9520,2.884,55.577,40.808,0.307,NaN,0.57578
CAM_20150922,chloramphenicol,NCM3722,MOPS glucose,chloramphenicol,10,0.24271,1.003,2.7616,0.72917,3.7873,6.3262,6.3071,2.5865,171.36,152.4840,154.7820,307.2660,3.4657,35.446,16.576,0.28941,NaN,0.71075
CAM_20151210,chloramphenicol,NCM3722,MOPS glucose,chloramphenicol,0,1.0261,1.0445,2.8031,0.74277,3.7971,6.5126,6.2728,2.3701,40.532,31.9326,33.7692,65.7000,3.0759,15.362,6.7629,0.33957,NaN,0.25967
CAM_20151210,chloramphenicol,NCM3722,MOPS glucose,chloramphenicol,1,0.87457,0.92645,2.6563,0.71949,3.7134,5.9806,6.5012,2.1788,47.554,33.6984,35.8908,69.5880,2.7575,25.518,11.663,0.33597,NaN,0.31193
CAM_20151210,chloramphenicol,NCM3722,MOPS glucose,chloramphenicol,2,0.74707,0.88557,2.5693,0.71653,3.6062,5.7633,6.5616,1.9879,55.669,37.3260,35.7972,73.1220,2.4855,38.215,19.872,0.35629,NaN,0.36882
CAM_20151210,chloramphenicol,NCM3722,MOPS glucose,chloramphenicol,3,0.66518,0.81756,2.4445,0.70806,3.4736,5.418,6.687,1.7909,62.523,67.0740,16.9560,84.0300,2.5385,41.015,45.567,0.32206,NaN,0.322
CAM_20151210,chloramphenicol,NCM3722,MOPS glucose,chloramphenicol,4,0.54311,0.7978,2.3872,0.70931,3.3853,5.3008,6.7065,1.8628,76.575,55.9074,39.5940,95.5020,2.3737,57.649,36.981,0.3361,NaN,0.35202
CAM_20151210,chloramphenicol,NCM3722,MOPS glucose,chloramphenicol,6,0.45503,0.78961,2.3914,0.70435,3.4141,5.2741,6.7415,2.0985,91.399,71.2860,60.4920,131.7780,2.7166,51.017,30.907,0.29066,NaN,0.48583
CAM_20151210,chloramphenicol,NCM3722,MOPS glucose,chloramphenicol,8,0.3437,0.84489,2.4349,0.72242,3.3875,5.5091,6.5799,2.1686,121,84.1740,91.3560,175.5360,2.7333,66.475,29.647,0.30911,NaN,0.57601
CAM_20151210,chloramphenicol,NCM3722,MOPS glucose,chloramphenicol,10,0.25179,0.88385,2.5252,0.72319,3.5093,5.7203,6.5332,2.5865,165.17,142.5840,151.6080,294.1980,3.4371,36.143,13.559,0.25715,NaN,0.55822
CAM_20150416,chloramphenicol,NCM3722,MOPS glycerol,chloramphenicol,0,0.70007,0.57327,2.4369,0.58535,4.1632,4.4814,7.8172,1.8845,59.407,44.1312,31.2984,75.4320,2.4111,43.384,28.109,0.23776,NaN,0.38784
CAM_20150416,chloramphenicol,NCM3722,MOPS glycerol,chloramphenicol,1,0.68014,0.57859,2.3126,0.60763,3.8059,4.4146,7.6299,1.8845,61.148,44.1312,32.9166,77.0460,2.395,45.248,28.231,0.24158,NaN,0.48382
CAM_20150416,chloramphenicol,NCM3722,MOPS glycerol,chloramphenicol,2,0.57929,0.58073,2.2121,0.62558,3.5361,4.3475,7.4863,1.8859,71.793,61.5840,33.3960,94.9800,2.5018,48.607,38.397,0.23213,NaN,0.566
CAM_20150416,chloramphenicol,NCM3722,MOPS glycerol,chloramphenicol,3,0.42811,0.59554,2.1727,0.64155,3.3867,4.379,7.353,1.9865,97.145,103.9500,41.0244,144.9720,2.8134,49.317,56.12,0.21168,NaN,0.74553
CAM_20150416,chloramphenicol,NCM3722,MOPS glycerol,chloramphenicol,4,0.36704,0.63059,2.2417,0.64913,3.4533,4.5714,7.2494,1.9741,113.31,89.7420,64.2600,154.0020,2.5653,72.616,49.047,0.24582,NaN,0.89154
CAM_20150428,chloramphenicol,NCM3722,MOPS glycerol,chloramphenicol,0,0.75945,0.53591,2.3742,0.5196,4.5693,3.8756,7.2317,1.8845,54.762,44.1312,26.9724,71.1060,2.4596,38.42,27.79,0.21789,NaN,0.19271
CAM_20150428,chloramphenicol,NCM3722,MOPS glycerol,chloramphenicol,1,0.66459,0.53286,2.1127,0.51366,4.113,3.4092,6.398,1.8845,62.578,44.1312,34.2450,78.3780,2.3825,46.78,28.333,0.22366,NaN,0.23147
CAM_20150428,chloramphenicol,NCM3722,MOPS glycerol,chloramphenicol,2,0.53543,0.53371,2.0184,0.50935,3.9627,3.2298,6.0515,1.885,77.674,56.6772,41.5062,98.1840,2.4017,57.165,36.168,0.22223,NaN,0.26514
CAM_20150428,chloramphenicol,NCM3722,MOPS glycerol,chloramphenicol,3,0.50237,0.55063,2.0283,0.51124,3.9675,3.2577,5.9162,1.8843,82.786,58.7340,45.0996,103.8360,2.3854,61.738,37.686,0.23083,NaN,0.30398
CAM_20150428,chloramphenicol,NCM3722,MOPS glycerol,chloramphenicol,4,0.40893,0.58609,2.1514,0.50718,4.2418,3.4279,5.8488,1.9842,101.7,111.7560,41.1270,152.8800,2.8348,50.52,60.574,0.20675,NaN,0.32623
CAM_20150428,chloramphenicol,NCM3722,MOPS glycerol,chloramphenicol,5,0.35485,0.60239,2.2321,0.5095,4.381,3.5728,5.931,1.9712,117.2,83.3340,71.3700,154.7100,2.4967,79.694,45.829,0.24127,NaN,0.38314
CAM_20150428,chloramphenicol,NCM3722,MOPS glycerol,chloramphenicol,6,0.31577,0.65671,2.4028,0.52158,4.6068,3.9372,5.9953,1.9852,131.71,125.4840,64.1160,189.6000,2.7124,73.813,67.592,0.24212,NaN,0.34437
CAM_20150813,chloramphenicol,NCM3722,MOPS glycerol,chloramphenicol,0,0.64728,0.60875,2.4261,0.60204,4.0298,4.5886,7.5377,1.8845,64.251,44.1312,35.7978,79.9320,2.3686,48.573,28.453,0.25701,NaN,0.20988
CAM_20150813,chloramphenicol,NCM3722,MOPS glycerol,chloramphenicol,1,0.56868,0.6005,2.2353,0.62639,3.5685,4.3988,7.3252,1.8857,73.132,54.6090,38.4426,93.0540,2.4156,53.214,34.69,0.24859,NaN,0.25429
CAM_20150813,chloramphenicol,NCM3722,MOPS glycerol,chloramphenicol,2,0.47045,0.62711,2.2302,0.63987,3.4854,4.4831,7.1489,1.8836,88.402,60.7200,49.1940,109.9140,2.3674,66.891,39.208,0.26489,NaN,0.38327
CAM_20150813,chloramphenicol,NCM3722,MOPS glycerol,chloramphenicol,3,0.42962,0.63657,2.2173,0.64761,3.4239,4.5113,7.0869,1.9817,96.803,63.2580,62.6940,125.9520,2.4642,67.651,34.108,0.25832,NaN,0.31311
CAM_20150813,chloramphenicol,NCM3722,MOPS glycerol,chloramphenicol,4,0.3524,0.74551,2.3514,0.68303,3.4426,5.0457,6.7681,1.9706,118.02,82.0500,72.8280,154.8780,2.4834,81.158,45.188,0.3002,NaN,0.37403
CAM_20150813,chloramphenicol,NCM3722,MOPS glycerol,chloramphenicol,5,0.30699,0.79937,2.4933,0.6815,3.6585,5.3381,6.6778,1.9871,135.47,77.1000,94.3920,171.4920,2.4047,99.452,41.08,0.33242,NaN,0.37708
CAM_20150813,chloramphenicol,NCM3722,MOPS glycerol,chloramphenicol,5.5,0.29217,0.77014,2.5384,0.66209,3.8339,5.28,6.856,1.93,142.35,106.5000,79.4880,185.9820,2.4735,98.707,62.86,0.31135,NaN,0.41126
CAM_20150813,chloramphenicol,NCM3722,MOPS glycerol,chloramphenicol,6,0.23997,0.72394,2.4407,0.65592,3.7211,5.0294,6.9472,1.8788,173.31,184.7040,59.6676,244.3680,2.6574,102.25,113.64,0.27242,NaN,0.51626
CAM_20151207,chloramphenicol,NCM3722,MOPS glycerol,chloramphenicol,0,0.64552,0.61189,2.5282,0.59351,4.2886,4.6922,7.7214,1.8845,64.427,51.1056,32.1774,83.2800,2.4498,45.571,32.25,0.24977,NaN,0.1879
CAM_20151207,chloramphenicol,NCM3722,MOPS glycerol,chloramphenicol,1,0.589,0.59408,2.2437,0.62833,3.5909,4.413,7.4914,1.8861,70.609,67.9680,28.7688,96.7380,2.5848,44.48,41.841,0.22984,NaN,0.24382
CAM_20151207,chloramphenicol,NCM3722,MOPS glycerol,chloramphenicol,2,0.46026,0.59083,2.1433,0.64486,3.3415,4.3275,7.3939,1.8834,90.359,89.2560,35.3622,124.6200,2.6012,56.097,54.996,0.22714,NaN,0.26195
CAM_20151207,chloramphenicol,NCM3722,MOPS glycerol,chloramphenicol,3,0.42746,0.64161,2.2014,0.66268,3.3381,4.5703,7.1891,1.9886,97.293,121.4940,31.3890,152.8800,2.9719,41.703,65.904,0.21589,NaN,0.32811
CAM_20151207,chloramphenicol,NCM3722,MOPS glycerol,chloramphenicol,4,0.33567,0.67961,2.2971,0.66584,3.4687,4.7892,7.1123,1.9666,123.9,127.9320,53.1222,181.0560,2.7536,66.741,70.777,0.24681,NaN,0.34688
CAM_20151207,chloramphenicol,NCM3722,MOPS glycerol,chloramphenicol,5,0.30831,0.71886,2.369,0.67322,3.5393,4.9933,7.0138,1.9922,134.89,124.5660,68.5380,193.1040,2.6973,76.681,66.354,0.26651,NaN,0.33786
CAM_20151207,chloramphenicol,NCM3722,MOPS glycerol,chloramphenicol,5.5,0.2668,0.71954,2.3523,0.67647,3.4954,4.9834,6.9887,1.8323,155.88,128.2440,69.0240,197.2680,2.4041,114.49,86.854,0.29929,NaN,0.46106
CAM_20151207,chloramphenicol,NCM3722,MOPS glycerol,chloramphenicol,6,0.24472,0.74334,2.3321,0.69251,3.3843,5.0578,6.8689,1.8788,169.94,161.6580,69.3600,231.0180,2.5658,108.87,100.58,0.28971,NaN,0.3806
CAM_20151020,chloramphenicol,NCM3722,MOPS sorbitol,chloramphenicol,0,0.6694,0.56932,2.3729,0.59255,4.0046,4.4173,7.7589,NaN,62.129,NaN,NaN,NaN,NaN,NaN,NaN,NaN,NaN,0.19298
CAM_20151020,chloramphenicol,NCM3722,MOPS sorbitol,chloramphenicol,0.15,0.60849,0.53904,2.2856,0.58833,3.8849,4.2244,7.8369,NaN,68.347,NaN,NaN,NaN,NaN,NaN,NaN,NaN,NaN,0.19299
CAM_20151020,chloramphenicol,NCM3722,MOPS sorbitol,chloramphenicol,0.3,0.45088,0.50594,2.2386,0.57481,3.8945,4.0425,7.9902,NaN,92.239,NaN,NaN,NaN,NaN,NaN,NaN,NaN,NaN,0.20686
CAM_20151020,chloramphenicol,NCM3722,MOPS sorbitol,chloramphenicol,0.5,0.44689,0.51376,2.1786,0.59062,3.6887,4.0424,7.8684,NaN,93.062,NaN,NaN,NaN,NaN,NaN,NaN,NaN,NaN,0.19647
CAM_20151020,chloramphenicol,NCM3722,MOPS sorbitol,chloramphenicol,0.75,0.40681,0.4775,2.0694,0.58619,3.5303,3.811,7.9811,NaN,102.23,NaN,NaN,NaN,NaN,NaN,NaN,NaN,NaN,0.19114
CAM_20151020,chloramphenicol,NCM3722,MOPS sorbitol,chloramphenicol,1,0.32987,0.49862,2.1421,0.58574,3.6571,3.9419,7.9055,NaN,126.07,NaN,NaN,NaN,NaN,NaN,NaN,NaN,NaN,0.20122
CAM_20151020,chloramphenicol,NCM3722,MOPS sorbitol,chloramphenicol,2.5,0.25375,0.50209,1.9699,0.62231,3.1655,3.8513,7.6705,NaN,163.9,NaN,NaN,NaN,NaN,NaN,NaN,NaN,NaN,0.2465
CAM_20160104,chloramphenicol,NCM3722,MOPS mannose,chloramphenicol,0,0.35841,0.45099,2.0452,0.57288,3.5897,3.67,8.2154,1.6469,116.04,81.8700,40.9188,122.7840,2.0823,109.29,75.117,0.21658,NaN,0.15037
CAM_20160104,chloramphenicol,NCM3722,MOPS mannose,chloramphenicol,0.2,0.32282,0.43232,2.0357,0.56201,3.6462,3.5807,8.369,1.6191,128.83,89.4600,43.0416,132.4980,2.0399,125.16,85.788,0.21193,NaN,0.15723
CAM_20160104,chloramphenicol,NCM3722,MOPS mannose,chloramphenicol,0.4,0.28177,0.40341,1.9347,0.55856,3.481,3.385,8.4656,1.6839,147.6,103.5300,57.1068,160.6380,2.1263,134.56,90.491,0.18972,NaN,0.17325
CAM_20160104,chloramphenicol,NCM3722,MOPS mannose,chloramphenicol,0.6,0.22507,0.38043,1.8331,0.55947,3.2939,3.2142,8.5469,1.6693,184.78,117.2460,75.8340,193.0800,2.0632,176.49,108.95,0.18439,NaN,0.18064
CAM_20160104,chloramphenicol,NCM3722,MOPS mannose,chloramphenicol,0.8,0.21122,0.39023,1.7873,0.57527,3.1212,3.2282,8.4034,1.7374,196.9,100.4280,105.2220,205.6500,2.0626,188.15,91.676,0.18919,NaN,0.16904
CAM_20160219,erythromycin,NCM3722,MOPS glucose + 6 a. a.,erythromycin,0,1.2071,1.2631,2.8465,0.81564,3.5127,7.2622,5.7971,3.4088,34.453,38.5440,40.4454,78.9900,4.8996,24.37,28.461,0.2578,NaN,0.25496
CAM_20160219,erythromycin,NCM3722,MOPS glucose + 6 a. a.,erythromycin,10,1.0564,1.2408,3.0057,0.77999,3.875,7.3379,5.9544,3.1801,39.369,45.3192,41.5518,86.8680,4.6158,31.237,37.187,0.26882,NaN,0.28552
CAM_20160219,erythromycin,NCM3722,MOPS glucose + 6 a. a.,erythromycin,20,0.87904,1.0711,2.8348,0.74635,3.816,6.6274,6.2342,3.1745,47.312,41.9520,56.7996,98.7540,4.2494,43.184,37.824,0.25206,NaN,0.31004
CAM_20160219,erythromycin,NCM3722,MOPS glucose + 6 a. a.,erythromycin,40,0.7452,1.1572,2.8636,0.77467,3.7202,6.9389,6.0515,2.9616,55.809,48.0252,62.2140,110.2380,3.9321,1.3777,49.403,0.29429,NaN,0.29923
CAM_20160219,erythromycin,NCM3722,MOPS glucose + 6 a. a.,erythromycin,60,0.65528,1.2264,2.8032,0.80925,3.4818,7.1046,5.8438,3.0596,63.467,63.1140,69.0300,132.1440,4.2343,58.255,57.903,0.28964,NaN,0.31094
CAM_20160219,erythromycin,NCM3722,MOPS glucose + 6 a. a.,erythromycin,80,0.62134,1.3825,2.9792,0.83068,3.6038,7.7533,5.6572,3.7045,66.935,53.2272,98.6280,151.8540,4.8188,48.951,35.244,0.2869,NaN,0.31199
CAM_20160219,erythromycin,NCM3722,MOPS glucose + 6 a. a.,erythromycin,120,0.50503,1.5147,3.182,0.83789,3.8158,8.3504,5.5588,4.43,82.35,89.1720,129.4680,218.6400,6.2985,28.409,35.231,0.24048,NaN,0.33257
CAM_20160219,erythromycin,NCM3722,MOPS glucose + 6 a. a.,erythromycin,160,0.36507,2.3673,4.2805,0.88636,4.8407,11.911,5.098,5.1871,113.92,94.2300,221.1900,315.4200,6.8154,26.338,6.6486,0.34734,NaN,0.37174
CAM_20160228,erythromycin,NCM3722,MOPS glycerol,erythromycin,0,0.64317,0.59477,2.4192,0.60033,4.0576,4.5423,7.6958,1.9529,64.662,55.5348,33.2982,88.8300,2.5915,40.491,31.364,0.22951,NaN,0.15037
CAM_20160228,erythromycin,NCM3722,MOPS glycerol,erythromycin,5,0.59816,0.59089,2.3526,0.60902,3.8922,4.4788,7.6427,2.0411,69.528,60.9180,39.5718,100.4940,2.7233,38.565,29.956,0.21698,NaN,0.18434
CAM_20160228,erythromycin,NCM3722,MOPS glycerol,erythromycin,10,0.62416,0.58999,2.2833,0.6196,3.7116,4.4246,7.5705,2.0982,66.632,66.3720,36.1518,102.5220,2.9052,30.74,30.48,0.20308,NaN,0.16431
CAM_20160228,erythromycin,NCM3722,MOPS glycerol,erythromycin,20,0.52955,0.57268,2.1988,0.62354,3.5467,4.2929,7.5662,2.1145,78.536,69.7380,48.1908,117.9300,2.8316,39.141,30.345,0.20225,NaN,0.19122
CAM_20160228,erythromycin,NCM3722,MOPS glycerol,erythromycin,40,0.42871,0.775,2.5531,0.66849,3.8394,5.3467,6.9674,2.7066,97.01,78.3120,98.3760,176.6880,3.5341,17.332,95.644,0.21929,NaN,0.22953
CAM_20160228,erythromycin,NCM3722,MOPS glycerol,erythromycin,60,0.41002,0.85958,2.6213,0.69523,3.7883,5.711,6.7161,2.7528,101.43,88.6560,101.6220,190.2720,3.6704,12.585,101.24,0.2342,NaN,0.24059
CAM_20160228,erythromycin,NCM3722,MOPS glycerol,erythromycin,80,0.37369,1.051,2.8858,0.72983,3.9691,6.6032,6.3385,3.2203,111.29,86.6100,142.5240,229.1340,4.1666,104.74,80.06,0.25225,NaN,0.24369
CAM_20160228,erythromycin,NCM3722,MOPS glycerol,erythromycin,120,0.34176,1.2835,2.9533,0.80205,3.7012,7.4211,5.8561,3.9828,121.69,110.7720,184.3320,295.1040,5.3705,69.963,59.044,0.23899,NaN,0.27453
CAM_20160303,erythromycin,NCM3722,MOPS glucose synthetic rich,erythromycin,0,1.7284,4.1784,4.6559,1.1387,4.0997,16.668,4.0511,7.7007,24.063,42.1428,47.6868,89.8320,13.298,6.421,0.43855,0.31421,NaN,0.42185
CAM_20160303,erythromycin,NCM3722,MOPS glucose synthetic rich,erythromycin,20,1.37,2.8657,3.9846,1.0278,3.8941,12.832,4.5152,5.297,30.356,41.2098,50.8032,92.0160,8.1744,29.412,9.9093,0.35057,NaN,0.52277
CAM_20160303,erythromycin,NCM3722,MOPS glucose synthetic rich,erythromycin,40,0.8328,4.0313,4.5008,1.1435,3.9494,16.151,4.0556,5.2929,49.938,69.7620,82.3800,152.1420,8.2626,47.611,17.495,0.48789,NaN,0.57763
CAM_20160303,erythromycin,NCM3722,MOPS glucose synthetic rich,erythromycin,80,NaN,NaN,NaN,NaN,NaN,NaN,NaN,NaN,NaN,NaN,NaN,NaN,NaN,NaN,NaN,NaN,NaN,NaN
CAM_20160303,erythromycin,NCM3722,MOPS glucose synthetic rich,erythromycin,120,NaN,NaN,NaN,NaN,NaN,NaN,NaN,NaN,NaN,NaN,NaN,NaN,NaN,NaN,NaN,NaN,NaN,NaN
CAM_20160310,rifampicin,NCM3722,MOPS glucose + 6 a. a.,rifampicin,0 µg/ml,1.1884,1.1357,2.8241,0.77548,3.6759,6.8356,6.0687,3.259,34.996,33.9810,41.7084,75.6900,4.4778,29.299,28.284,0.25363,NaN,0.26194
CAM_20160310,rifampicin,NCM3722,MOPS glucose + 6 a. a.,rifampicin,2 µg/ml,1.185,1.2257,2.9733,0.78066,3.8335,7.2601,5.9593,2.8235,35.097,44.2560,28.8270,73.0860,4.2349,32.207,6.2695,0.28943,NaN,0.25225
CAM_20160310,rifampicin,NCM3722,MOPS glucose + 6 a. a.,rifampicin,4 µg/ml,1.2589,1.1277,2.8976,0.75839,3.8454,6.8734,6.1352,2.4942,33.035,32.3718,26.4612,58.8330,3.4364,7.2377,6.5744,0.32816,NaN,0.25735
CAM_20160310,rifampicin,NCM3722,MOPS glucose + 6 a. a.,rifampicin,6 µg/ml,1.3005,1.0895,2.7627,0.76712,3.6245,6.6281,6.1265,2.2977,31.98,31.7922,21.5772,53.3688,3.1795,10.591,10.403,0.34266,NaN,0.27344
CAM_20160310,rifampicin,NCM3722,MOPS glucose + 6 a. a.,rifampicin,8 µg/ml,1.2642,1.0387,2.7306,0.75245,3.6499,6.4294,6.2394,2.5821,32.898,31.4868,28.4112,59.8980,3.5326,5.8971,4.4865,0.29403,NaN,0.27561
CAM_20160310,rifampicin,NCM3722,MOPS glucose + 6 a. a.,rifampicin,10 µg/ml,1.1354,1.0124,2.6746,0.75175,3.5786,6.292,6.2692,2.5424,36.63,36.4512,30.0420,66.4920,3.5192,6.7671,6.5879,0.28768,NaN,0.28181
CAM_20160310,rifampicin,NCM3722,MOPS glucose + 6 a. a.,rifampicin,15 µg/ml,0.79589,1.0131,2.6783,0.75151,3.5845,6.298,6.2654,2.2456,52.254,43.6632,38.1036,81.7680,2.9583,22.742,14.151,0.34246,NaN,0.22805
CAM_20160310,rifampicin,NCM3722,MOPS glucose + 6 a. a.,rifampicin,20 µg/ml,0.57003,0.98175,2.7889,0.71992,3.8972,6.2839,6.479,1.6995,72.959,52.6158,28.4196,81.0360,2.1595,64.882,44.539,0.45462,NaN,0.24347
NCM_20150409,nutrient conditions,NCM3722,TSB,None,None,2.0023,3.8086,4.303,1.0809,3.9808,14.612,3.8367,6.376,20.771,37.6692,34.7298,72.4020,11.202,10.683,6.811,0.34,NaN,0.43111
NCM_20150409,nutrient conditions,NCM3722,MOPS glucose synthetic rich,None,None,1.9522,2.9365,4.2086,1.0006,4.206,13.23,4.5053,6.3217,21.303,41.5908,33.5676,75.1560,11.536,10.055,9.0391,0.25456,NaN,0.48289
NCM_20150409,nutrient conditions,NCM3722,MOPS glucose + 12 a. a.,None,None,0.75155,0.89672,2.7009,0.69872,3.8655,5.9287,6.6116,1.8845,55.337,44.1312,27.5088,71.6400,2.4531,39.035,27.828,0.36555,NaN,0.2777
NCM_20150409,nutrient conditions,NCM3722,MOPS glucose,None,None,1.0344,0.96492,2.8449,0.70242,4.0502,6.2779,6.5062,2.3701,40.205,32.6994,32.9370,65.6340,3.1006,14.773,7.2677,0.3112,NaN,0.28684
NCM_20150409,nutrient conditions,NCM3722,MOPS sorbitol,None,None,0.56926,0.60029,2.4865,0.59055,4.2106,4.6132,7.6849,1.7107,73.057,58.7736,25.8390,84.6120,2.2317,61.502,47.218,0.26898,NaN,0.25586
NCM_20150409,nutrient conditions,NCM3722,MOPS glycerol,None,None,0.75501,0.51746,2.3497,0.56215,4.1799,4.1497,8.0194,1.8845,55.084,44.1312,27.2724,71.4060,2.4559,38.764,27.811,0.2107,NaN,0.19283
NCM_20150423,nutrient conditions,NCM3722,TSB,None,None,1.8144,2.8519,3.7332,1.0037,3.7194,11.771,4.1275,6.213,22.922,42.6138,36.8412,79.4520,11.053,12.232,9.0022,0.25802,NaN,0.4379
NCM_20150423,nutrient conditions,NCM3722,MOPS glucose synthetic rich,None,None,1.8154,2.8416,3.9132,1.004,3.8978,12.342,4.3435,6.2263,22.91,42.5706,36.9048,79.4760,11.074,12.163,8.914,0.2566,NaN,0.47242
NCM_20150423,nutrient conditions,NCM3722,MOPS glucose + 12 a. a.,None,None,1.4587,1.5949,2.922,0.88847,3.2888,8.1559,5.1136,3.7259,28.51,42.2790,31.1652,73.4460,5.9632,12.086,25.855,0.26746,NaN,0.35854
NCM_20150423,nutrient conditions,NCM3722,MOPS glucose + 6 a. a.,None,None,1.2686,0.85536,2.3728,0.70302,3.3752,5.2406,6.1268,3.4851,32.784,38.5860,38.4534,77.0400,5.0979,21.313,27.115,0.16779,NaN,0.30621
NCM_20150423,nutrient conditions,NCM3722,MOPS glucose,None,None,0.88083,0.93877,2.5736,0.72957,3.5276,5.8987,6.2834,2.0469,47.215,35.0736,30.5058,65.5800,2.6189,28.852,16.71,0.35846,NaN,0.26739
NCM_20150423,nutrient conditions,NCM3722,MOPS sorbitol,None,None,0.65611,0.63891,2.3783,0.6259,3.7998,4.6765,7.3194,1.8845,63.387,44.1312,34.9956,79.1280,2.3756,47.646,28.391,0.26894,NaN,0.21409
NCM_20150423,nutrient conditions,NCM3722,MOPS glycerol,None,None,0.59741,0.59033,2.4229,0.59149,4.0963,4.5023,7.6268,1.7192,69.615,55.6908,25.2912,80.9820,2.2397,58.248,44.324,0.26358,NaN,0.1975
NCM_20150623,nutrient conditions,NCM3722,TSB,None,None,2.1133,3.7034,4.1452,1.1473,3.6131,14.94,4.0343,6.4962,19.68,28.9770,37.4178,66.3960,10.366,12.325,1.9422,0.35727,NaN,0.37242
NCM_20150623,nutrient conditions,NCM3722,MOPS glucose synthetic rich,None,None,1.8779,3.2127,4.1946,1.0489,3.9991,13.822,4.3024,7.0954,22.147,39.7566,40.6932,80.4480,12.402,8.1381,3.6007,0.25904,NaN,0.34446
NCM_20150623,nutrient conditions,NCM3722,MOPS glucose + casamino acids,None,None,1.4313,1.8491,2.9609,0.97687,3.031,9.0868,4.9142,3.7565,29.057,41.9808,32.7528,74.7360,5.9462,12.437,25.361,0.31097,NaN,0.28524
NCM_20150623,nutrient conditions,NCM3722,MOPS glucose + 6 a. a.,None,None,1.2541,1.2597,3.1271,0.76763,4.0738,7.5413,5.9867,3.4851,33.163,39.3558,38.7132,78.0660,5.1129,21.419,27.612,0.24637,NaN,0.27558
NCM_20150623,nutrient conditions,NCM3722,MOPS glucose,None,None,1.0632,1.0256,3.0158,0.70278,4.2912,6.6584,6.492,2.3552,39.117,34.8204,30.0414,64.8600,3.1561,13.373,9.0757,0.32497,NaN,0.25312
NCM_20150623,nutrient conditions,NCM3722,MOPS sorbitol,None,None,0.75406,0.59587,2.4389,0.58318,4.1821,4.4683,7.4987,1.8845,55.153,44.1312,27.3372,71.4660,2.4552,38.838,27.816,0.2427,NaN,0.20754
NCM_20150623,nutrient conditions,NCM3722,MOPS glycerol,None,None,0.78904,0.53503,2.5285,0.56388,4.4841,4.4792,8.3719,1.8426,52.708,37.0584,27.1938,64.2540,2.3279,41.164,25.514,0.22984,NaN,0.22827
NCM_20150707,nutrient conditions,NCM3722,MOPS glucose synthetic rich,None,None,1.8088,2.7472,4.2164,0.96547,4.3672,12.789,4.6552,6.1357,22.992,42.8640,36.4668,79.3320,10.931,12.637,9.5172,0.25132,NaN,0.47065
NCM_20150707,nutrient conditions,NCM3722,MOPS glucose + 12 a. a.,None,None,1.5663,1.6133,3.6637,0.79141,4.6293,9.109,5.6461,3.7887,26.553,33.6096,33.0006,66.6120,5.6907,13.048,20.105,0.2835,NaN,0.37806
NCM_20150707,nutrient conditions,NCM3722,MOPS glucose + 6 a. a.,None,None,1.1517,1.251,3.104,0.75998,4.0844,7.4111,5.924,2.3744,36.112,45.4824,20.6670,66.1500,3.5597,6.075,15.445,0.35144,NaN,0.29671
NCM_20150707,nutrient conditions,NCM3722,MOPS glucose,None,None,1.1026,0.9888,2.9743,0.69354,4.2886,6.4804,6.5538,2.2433,37.719,34.5438,25.7838,60.3300,3.0302,15.111,11.935,0.32632,NaN,0.25266
NCM_20150707,nutrient conditions,NCM3722,MOPS sorbitol,None,None,0.62786,0.60901,2.5961,0.57831,4.4891,4.7167,7.7449,1.7284,66.239,52.3560,24.9216,77.2800,2.2449,55.201,41.318,0.27129,NaN,0.2543
MG_20160101,nutrient conditions,MG1655,MOPS glucose synthetic rich,None,None,1.7342,2.8642,NaN,NaN,NaN,NaN,NaN,4.2334,23.982,44.4072,25.3788,69.7860,7.516,2.1591,22.584,0.38107,NaN,0.38674
MG_20160101,nutrient conditions,MG1655,MOPS glucose + casamino acids,None,None,1.1273,1.539,NaN,NaN,NaN,NaN,NaN,2.4781,36.892,57.0588,17.2464,74.3040,4.0393,36.372,19.646,0.38101,NaN,0.26809
MG_20160101,nutrient conditions,MG1655,MOPS glucose + 6 a. a.,None,None,0.83602,1.4138,NaN,NaN,NaN,NaN,NaN,2.2916,49.746,57.9402,28.6056,86.5440,3.3398,12.947,21.141,0.42331,NaN,0.29233
MG_20160101,nutrient conditions,MG1655,MOPS glucose,None,None,0.70943,1.0049,NaN,NaN,NaN,NaN,NaN,1.8971,58.623,51.7632,26.9580,78.7200,2.5365,38.525,31.665,0.39619,NaN,0.21005
MG_20160101,nutrient conditions,MG1655,MOPS glycerol,None,None,0.39136,0.53617,NaN,NaN,NaN,NaN,NaN,1.4266,106.27,76.0860,14.8560,90.9420,1.8098,15.323,91.412,0.29626,NaN,0.15378
MG_20160314,nutrient conditions,MG1655,MOPS glucose synthetic rich,None,None,1.7854,2.8417,4.7505,0.91737,5.1784,13.691,4.8179,3.5288,23.294,38.7600,21.1530,59.9130,5.9466,9.9684,2.1407,0.47787,NaN,0.4451
MG_20160314,nutrient conditions,MG1655,MOPS glucose + casamino acids,None,None,1.0818,1.1972,2.6105,0.83267,3.1351,6.8288,5.704,2.3463,38.444,47.0742,22.1094,69.1860,3.4812,7.7049,16.335,0.34391,NaN,0.32227
MG_20160314,nutrient conditions,MG1655,MOPS glucose + 6 a. a.,None,None,0.83287,1.3071,2.8949,0.81908,3.5343,7.4492,5.699,2.7395,49.934,45.3150,48.7590,94.0740,3.6908,5.7948,1.1755,0.35415,NaN,0.2878
MG_20160314,nutrient conditions,MG1655,M9 glucose + 3 a. a.,None,None,0.73618,0.94738,2.5391,0.74507,3.4079,5.9433,6.2734,2.2169,56.493,43.2420,42.3096,85.5540,2.8568,27.434,14.183,0.33163,NaN,0.16063
MG_20160314,nutrient conditions,MG1655,MOPS glucose,None,None,0.69244,1.0629,2.7419,0.75812,3.6167,6.5304,6.1439,2.119,60.061,48.1998,39.8550,88.0560,2.7627,32.067,20.206,0.38473,NaN,0.21814
MG_20160314,nutrient conditions,MG1655,MOPS glycerol,None,None,0.31271,0.68302,2.2441,0.67452,3.327,4.7554,6.9623,1.8444,132.99,59.0442,87.1740,146.2200,2.1427,119.77,45.819,0.31876,NaN,0.14803
MG_20160420,nutrient conditions,MG1655,MOPS glucose synthetic rich,None,None,1.7662,3.276,4.8191,0.98167,4.9091,14.862,4.5367,3.6696,23.547,34.4952,25.4706,59.9652,5.8426,10.676,21.624,0.56071,NaN,0.4521
MG_20160420,nutrient conditions,MG1655,MOPS glucose + casamino acids,None,None,1.0637,1.5763,2.7888,0.93224,2.9915,8.1676,5.1815,2.0926,39.098,54.6768,12.1200,66.7980,3.2681,11.399,26.978,0.48233,NaN,0.28585
MG_20160420,nutrient conditions,MG1655,MOPS glucose + 12 a. a.,None,None,0.80028,1.3394,3.0319,0.80649,3.7594,7.6818,5.7353,2.2005,51.968,48.8598,33.3804,82.2420,2.9949,21.695,18.588,0.44722,NaN,0.2857
MG_20160420,nutrient conditions,MG1655,MOPS glucose + 6 a. a.,None,None,0.82842,1.5766,2.9779,0.89043,3.3443,8.3303,5.2837,2.5863,50.203,46.9452,44.0862,91.0320,3.5144,9.3739,6.1163,0.44861,NaN,0.28745
MG_20160420,nutrient conditions,MG1655,M9 glucose + 3 a. a.,None,None,0.70978,1.2677,2.7537,0.83331,3.3045,7.209,5.6867,1.7931,58.594,51.5502,22.2798,73.8300,2.395,43.358,36.314,0.52931,NaN,0.15041
MG_20160420,nutrient conditions,MG1655,MOPS glucose,None,None,0.66856,1.3869,2.8628,0.8529,3.3565,7.6708,5.5309,2.1405,62.207,57.1098,38.2356,95.3460,2.8933,29.068,23.971,0.47935,NaN,0.21779
MG_20160420,nutrient conditions,MG1655,MOPS glycerol,None,None,0.4499,0.84411,2.5424,0.70192,3.6221,5.6064,6.6417,1.7841,92.44,105.7980,20.8230,126.6240,2.5843,58.257,71.617,0.32663,NaN,0.16547
MG_20160509,nutrient conditions,MG1655,MOPS glucose synthetic rich,None,None,1.6541,3.6638,5.1331,1.0049,5.1287,16.175,4.4533,4.2427,25.143,41.3880,29.7822,71.1720,7.1137,4.2592,20.504,0.51503,NaN,0.34762
MG_20160509,nutrient conditions,MG1655,MOPS glycerol synthetic rich,None,None,1.4993,2.6674,5.0939,0.85385,5.988,13.642,5.1715,3.7823,27.739,39.4728,31.8936,71.3640,5.9494,11.852,23.585,0.44835,NaN,0.34847
MG_20160509,nutrient conditions,MG1655,MOPS glucose + 12 a. a. + 0.2mM uracil,None,None,0.72045,0.98256,2.7276,0.73099,3.7564,6.2358,6.3967,2.2154,57.726,60.0300,34.4334,94.4640,3.109,20.987,23.293,0.31604,NaN,0.27327
MG_20160509,nutrient conditions,MG1655,MOPS glucose + 6 a. a. + 0.2mM uracil,None,None,1.0654,1.3865,3.2073,0.79462,4.0599,7.9821,5.8106,2.4444,39.036,35.7630,31.5114,67.2720,3.3021,10.797,7.5245,0.41988,NaN,0.24253
MG_20160509,nutrient conditions,MG1655,M9 glucose + 3 a. a. + 0.2mM uracil,None,None,0.82866,1.1051,2.6302,0.79764,3.3194,6.562,5.9816,2.1166,50.188,46.5972,29.7468,76.3440,2.8702,24.032,20.441,0.38502,NaN,0.10582
MG_20160509,nutrient conditions,MG1655,MOPS glucose + 0.2mM uracil,None,None,0.75346,1.1649,2.963,0.76129,3.9213,7.053,6.0967,1.7309,55.197,53.1072,15.6660,68.7720,2.3718,41.621,39.531,0.49116,NaN,0.16825
MG_20160509,nutrient conditions,MG1655,MOPS glycerol + 0.2mM uracil,None,None,0.41312,0.71863,2.4695,0.65682,3.7926,5.0695,7.1159,1.4684,100.67,66.4740,21.2946,87.7680,1.83,12.904,79.376,0.3927,NaN,0.13727
MG_20160516,nutrient conditions,MG1655,MOPS glucose synthetic rich,None,None,1.7479,3.4662,4.9925,0.99168,5.0532,15.529,4.5221,4.0223,23.793,37.7394,27.1962,64.9380,6.6306,6.4446,20.391,0.52276,NaN,0.49999
MG_20160516,nutrient conditions,MG1655,MOPS glycerol synthetic rich,None,None,1.4982,2.7158,5.0218,0.86968,5.8,13.689,5.0772,4.3502,27.759,39.9816,37.2390,77.2200,6.8772,6.0566,18.279,0.3949,NaN,0.41991
MG_20160516,nutrient conditions,MG1655,MOPS mannose synthetic rich,None,None,1.3375,2.6567,4.5603,0.9083,5.039,12.994,4.9407,5.3942,31.095,47.7348,49.6410,97.3740,8.7637,27.005,12.549,0.30315,NaN,0.37671
MG_20160516,nutrient conditions,MG1655,MOPS glucose + 6 a. a. + 0.2mM uracil,None,None,1.0379,1.3573,3.2322,0.78224,4.1579,7.9154,5.8831,2.2083,40.071,41.4894,23.8188,65.3100,3.0947,14.834,16.253,0.43859,NaN,0.36905
MG_20160516,nutrient conditions,MG1655,M9 glucose + 3 a. a. + 0.2mM uracil,None,None,0.79254,1.0872,2.6726,0.78249,3.4383,6.5406,6.0577,1.6122,52.475,44.9292,12.5850,57.5136,2.1376,47.437,39.89,0.5086,NaN,0.27343
MG_20160516,nutrient conditions,MG1655,MOPS glucose + 0.2mM uracil,None,None,0.75655,1.1741,2.909,0.77384,3.7891,7.0351,6.0329,1.9096,54.972,51.8082,23.9940,75.8040,2.6008,34.141,30.978,0.45144,NaN,0.27444
MG_20160516,nutrient conditions,MG1655,MOPS glycerol + 0.2mM uracil,None,None,0.34007,0.79,2.6633,0.66014,4.0794,5.489,7.0194,1.4833,122.29,65.5440,35.7756,101.3220,1.7758,20.972,86.518,0.44486,NaN,0.19553
CRISPR_20160927,nutrient conditions,tCRISPRi (MG1655),MOPS glycerol synthetic rich,None,None,1.5115,2.7467,5.0637,0.86966,5.8452,13.816,5.0759,3.503,27.515,38.1288,29.1840,67.3140,5.4507,15.231,25.846,0.50392,NaN,NaN
CRISPR_20160927,nutrient conditions,tCRISPRi (MG1655),MOPS glucose + 11 a. a. + 0.2mM uracil,None,None,1.0233,1.3122,3.5019,0.73223,4.8074,8.0281,6.1519,2.2839,40.643,39.7818,27.4152,67.2000,3.1456,14.09,13.228,0.41715,NaN,NaN
CRISPR_20160927,nutrient conditions,tCRISPRi (MG1655),MOPS glycerol + 11 a. a. + 0.2mM uracil,None,None,0.86655,1.0972,3.3684,0.68167,4.9731,7.1849,6.5838,2.2493,47.994,38.7228,35.8662,74.5920,2.9366,21.398,12.128,0.37363,NaN,NaN
CRISPR_20160927,nutrient conditions,tCRISPRi (MG1655),MOPS glycerol + 6 a. a. + 0.2mM uracil,None,None,0.99648,1.3202,3.2096,0.77402,4.171,7.7781,5.9385,2.223,41.736,35.4360,29.5164,64.9500,2.9409,18.519,12.219,0.44891,NaN,NaN
CRISPR_20160927,nutrient conditions,tCRISPRi (MG1655),MOPS glucose + 6 a. a. + 0.2mM uracil,None,None,0.64182,0.94697,2.846,0.69809,4.1092,6.2108,6.6072,1.9216,64.798,55.8030,31.7742,87.5760,2.5519,42.019,33.024,0.37109,NaN,NaN
CRISPR_20160927,nutrient conditions,tCRISPRi (MG1655),MOPS glucose + 0.2mM uracil,None,None,0.7916,1.011,2.6751,0.75197,3.5866,6.2874,6.2688,1.9747,52.537,53.9472,23.0058,76.9500,2.7601,28.122,29.532,0.36629,NaN,NaN
CRISPR_20160927,nutrient conditions,tCRISPRi (MG1655),MOPS glycerol + 0.2mM uracil,None,None,0.36488,0.75491,2.5331,0.66471,3.855,5.2553,7.026,1.4222,113.98,89.2620,11.2698,100.5360,1.843,13.446,102.71,0.40962,NaN,NaN
